공원명,지역,내용,소재지도로명주소,위도,경도,공원면적,공원보유시설,비용,전화번호,이미지주소
유림 공원,대전,"유림공원은 대전 유성구청 근처 갑천변에 위치한 공원이다. 봄의 벚꽃과 가을의 국화꽃 등이 유명하며 가을에 국화축제가 열린다. 산책과 나들이, 소풍을 즐길 수 있는 곳으로, 한반도를 닮은 작은 정원인 반도지에서는 예쁜 물레방아와 연꽃, 시원한 그늘이 있는 정자도 볼 수 있다. 야외무대도 설치되어 있어 각종 공연, 행사가 열리기도 한다. [유림]은 계룡건설 창업주 이인구의 호로서, 계룡건설이 이곳을 공원화한 것을 기념하여 붙은 이름이다. 유림공원은 한밭대로나 온천동로를 통해 접근할 수 있으며, 고속도로는 호남고속도로 지선 유성IC가 가깝다. 대중교통은 대전도시철도 1호선 월평역을 이용할 수 있다. 인근에는 유성온천, 궁동로데오거리, 충남대학교 대덕캠퍼스 등이 있다.",대전광역시 유성구 봉명동 1012-3,36.36072,127.35789,"394,000m2","문학마을도서관, 연못 반도지",무료,042-824-4581,https://dynamic-media-cdn.tripadvisor.com/media/photo-o/11/33/0c/35/caption.jpg?w=1200&h=1200&s=1%EC%9C%A0%EB%A6%BC%EA%B3%B5%EC%9B%90_%EC%9E%85%EA%B5%AC.jpg
우암사적공원,대전,"우암사적공원은 대전 동구에 위치한 도시근린공원으로 조선 후기 대유학자인 우암 송시열(1607~1689)이 학문을 닦던 곳이다.
1991년부터 1997년까지 1만 6천여 평에 장판각, 유물관, 서원 등의 건물을 재현해 1998년 4월 17일 사적공원으로 새롭게 탄생했다. 조선 후기 이 땅에 유교사상을 꽃피운 우암 송시열 선생의 뜻을 기리고 보존하기 위해 조성된 이곳은 송시열이 말년에 제자를 가르치고 학문에 정진하던 남간정사, 건축미가 뛰어난 기국정, 송시열 문집인 송자대전판 등 역사적으로 중요한 문화재가 보존되어 있을 뿐만 아니라 공원 곳곳이 잘 단장되어 있어 도심 속 시민들의 쉼터로도 제격이다. 사적공원 안으로 들어서면 맨 먼저 왼쪽으로 대전광역시 유형문화재로 지정되어 있는 남간정사와 기국정 건물이 자리하고 있다. 남간정사를 살펴보고 나와 좀 더 위쪽으로 올라가면 우암선생의 유물과 일생을 살펴볼 수 있는 유물관이 있고, 유물관 앞 홍살문 사이로 멀리 명정문이 보인다.
서원 안으로 들어서면 우측에는 모든 괴로움을 참아야 한다는 뜻의 인함각, 좌측에는 모든 일을 명확하게 하고 마음을 맑게 하라는 뜻을 담은 명숙각, 정면에는 마음을 곧게 쓰라는 뜻의 강당인 이직당이 자리를 하고 있다. 그 뒤로 매사 심사숙고하여 결정하라는 뜻의 심결재와 선현의 가르침을 굳게 지키라는 견뢰재가 있으며, 가장 높은 곳에 새로 옮겨 지은 남간사가 자리 잡고 있다. 다시 명정문을 나와 우측으로 돌아가면 연못과 덕포루가 한 폭의 그림같이 펼쳐진다. 덕포루와 더불어 고즈넉한 연못이 운치를 한층 더한다. 한편 사적공원 내에서는 봄, 가을 우암 송시열을 기리는 제사를 지내고 있다.",대전광역시?동구?충정로 53,36.347748,127.4582,"53,120m2",,무료,042-270-8691,https://upload.wikimedia.org/wikipedia/commons/thumb/c/c0/Uam_Historical_Park_01.jpg/215px-Uam_Historical_Park_01.jpg
한밭수목원,대전,"대전의 최대 도심지 둔산에 자리하고 있으면서 우성이산, 갑천과 유등천, 정부대전청사 녹지 축에 연계된 전국 최대의 도심 속 수목원이다. 식물 종(種) 뿐만 아니라 생물 서식공간으로서의 생태환경과 경관이 우수하며, 예술의 전당·미술관·연정국악원 등 문화예술이 어우러진 시민의 문화·휴식공간으로 사랑받고 있다. 또한, 자연환경의 중요성과 가치를 알리는 체험 중심의 다양한 산림환경교육 프로그램을 개발 운영하여 숲과 자연을 사랑하는 건전한 시민정신 함양을 위해 노력하고 있다.",대전광역시 서구 둔산대로 169,36.3695,127.387483,386000㎡,,무료,042-270-8474,https://cdn.visitkorea.or.kr/img/call?cmd=VIEW&id=a5e2bd2c-8c8c-4247-82cc-c4a380395798
솔로몬로파크,대전,"대전솔로몬로파크는 법무부에서 운영하고 있는 법교육 테마 공원이다. 어린이, 청소년, 국민이 법을 쉽고 재미있게 배우고 체험할 수 있으며, 대전 외에도 부산, 광주 등에도 있다. 솔로몬 왕이 재판을 통해 지혜롭게 정의를 실현했듯이 솔로몬로파크는 법치사회의 자유, 지혜, 정의를 느끼고 체험하며 국민 누구나가 신뢰하는 법치국가를 만들어 가는데 필요한 민주시민의 자질과 소양을 쌓아갈 수 있다.
법체험관에서는 세계의 법역사를 이해하고 우리나라 법제도 전반을 체험할 수 있도록 입법체험실, 과학수사실, 모의법정실, 교도소체험이 마련되어 있다. 미취학 아동을 위한 법짱마을도 있으며, 솔로몬로파크에 조성된 법체험관과 법연수관을 중심으로 다양한 법체험 및 법연수 프로그램을 국민들에게 제공하고 있다. 법놀이터는 평일에 단체 1부(10:00~11:30), 단체 2부(11:30~13:00), 단체 3부(13:00~14:30)로 나누어 운영하며 개인 관람객은 15:00~16:30에 이용할 수 있다. 인근 관광지로는 엑스포과학공원, 대전신세계아트앤사이언스, 국립중앙과학관, 숭현서원 등이 있다.",대전광역시 유성구 엑스포로 219-39,36.377969,127.400039,"18,988㎡",,무료,042-323-8800,https://cdn.visitkorea.or.kr/img/call?cmd=VIEW&id=0de4d886-7c96-4b8f-b56d-6697a5a4f06b
엑스포과학공원,대전,"우리나라 최초의 국제박람회기구(BIE)공인 전문 엑스포로 개최되었던 ""93년 대전세계박람회""를 기념하기 위해 그 시설과 부지를 국민 과학교육의 장으로 활용하기 위하여 조성된 과학공원이다. 엑스포과학공원에는 대전세계박람회(1993)의 상징탑인 한빛탑과 대전세계박람회를 기념하기 위해 새롭게 재단장한 대전엑스포기념관이 있고, 각국에서 개최하였던 엑스포의 기념품 및 상징물이 전시되어있는 세계엑스포기념박물관에서는 200년간의 엑스포의 역사를 감상할 수 있으며, 어린이들이 교통관련 교육 및 교통의 역사를 체험할 수 있는 대전교통문화센터가 운영되고 있다. 이 외의 시뮬레이션관, 돔영상관, 전기에너지관, 첨단과학관, 에너지관, 자기부상열차, 음악분수, 꿈돌이광장 등은 대전시의 엑스포재창조사업 추진으로 현재 시설 철거 작업 중이므로 관람이 불가능하다.",대전광역시?유성구?도룡동,36.377,127.385,"902,000㎡",,무료,042-250-1111,https://cdn.visitkorea.or.kr/img/call?cmd=VIEW&id=69c33674-9204-49e3-a7cf-b077d723f645
대전보훈공원,대전,"대전광역시 출신 전몰군경, 6.25 참전 국가유공자, 월남 참전 유공자를 추모하는 공원이다. 원래 중구 선화동에 있던 구영렬탑을 선화용두지구재정비 촉진사업으로 인해 사정동 보문산공원 안으로 이전하여 조성하였다.",대전광역시 중구 사정동 200,36.3002516,127.401047,"1,090,000㎡",,무료,042-600-2899,"data:image/jpeg;base64,/9j/4AAQSkZJRgABAQAAAQABAAD/2wCEAAoHCBUVFBcUFRUYGBcaHBseGxsbGh0bGx4aHCAdHR0YHh0dICwkGx0pIBsdJTYmLC4wMzMzGyI5PjkxPSwyMzABCwsLEA4QHhISHjQpIikyMjIyMjI1NDIyMjIyMjIyMjIyMjIyMjIyMjIyMjIyMjIyMjIyMjIyMjIyMjIyMjIyMv/AABEIALcBEwMBIgACEQEDEQH/xAAbAAABBQEBAAAAAAAAAAAAAAAEAAECAwUGB//EAEEQAAECBAMFBQYDBwMEAwAAAAECEQADITEEEkEFIlFhcRMygZGhBkKxwdHwUpLhFCNTYoLS8RUzwgdyorJDY4P/xAAaAQADAQEBAQAAAAAAAAAAAAAAAQIDBAUG/8QAKhEAAgIBAwQBBAMAAwAAAAAAAAECEQMSITEEE0FRIhRhcYEykaHB0fD/2gAMAwEAAhEDEQA/AOxwGLCw7v8AEO9xpY34QaJwtHE7O2b2cpMxM5QdVJksK7MpYJCZj1lrdThTMAqoEdDJlTEt2jLSUvmCswB5HVJvWvMuybxZdb3X9bmMk4o0lLFwIzJ6ADUnlFsqakPFU5pgpcWEehjhpZyZJqS2BQpon2h4xXlahixCAY6WkcabJyJjRu4SU6QdYwEpq0bWCVMSO4THNnjtsdfTS3pmh+zxEyonLxSTcseBi3MI4Wn5O7Z8FKJcXoREe2Av6CCCDokwmNUPmpFZaKZhmFwABzPGMztpgmCWrjcaj6RUIX5FKdeDZEsRYhAiEsRdEFkgmHIisLaLgHEICtdozcYsdNYu2lMKBmenAM8YU2Us1IIzVHSOjDC92zDNOtkgKevMonnFZi1SWiDR6S4PMlzuRhNDwmiiSLRJCMygBqWhNE5DhQa8J8DXJvYOVLlkBI3mZ9Wg4KJjHlTCSEoDqIbNw5xsSUZQBc6mPMyqnbPUxNVsXISBEs0UKW14dKnjCjWyxibQwQ0TzgRQua8IodcyBJ0+GnTWjPmzHhqJEpFv7SYUAZoUVoI1HE+z22JglqQxCZmZBZmzNpmBS7G3Dzi+YrFIkBQmGZKSoISkJGdCW3Sthu1owPCwLDBVmQhIBYBNQHfjmVR7g0tTVq7sramdIlpUApQZWY5swBcJDpKgMtqV1tHjY5qqbf2oq1W4Pg9tTUKHaDNLIopt7MGdJ0dj8OMdrswOnMNRQnnHC4aRNlq/egiW6t07o3Xsz1F6O4LA3bq9m4hPZgSyw/CTUeH3xj1uhzyk3jlL8J8nNlgou0v6LsShQUc0QQItWXiIEe0uDga+VlstBu7GOjwE1kB7xziVEViZxS+MYZcbnsdOLIobmxjEpWRS0F4eTTejK2ctStCr5RqIWoXEcmSLj8TsxyUvkGolAVi3OIFSsmExjnp+TawhahAU4JK0k0Z/F4tWTAWJcgERcI7kzexpZhAap2ZYSCRGeMWp6wamcksHZovttEdxS4NDsxfWJoXAyVvFqVRk0apk5soLH3SBlYEG5Jg1KhCzgwlJrgHFPkwMTsvMoNQB66mAl7OUksY6WfMAiCZIWHMdMOolFb8GE8EJP7nOTMCfdS/SBpshSSxDGOwTICbQBisOJirkMI0h1Lvfgyn0qrbk5wSzE0S1XALcY3syJYCQep16xVMmJUKW8h1jRZm/Bn2IryTwYTLQktU1PF4tXikipLRmLxLBh5xHD4RUwgk043jJ41/KTNVke0YotOLzzGsI0gthFQwaZdXrxMSQoEOIym4v+PBrBNfy5GVMisrJi0IiaECMm0XuDfsxMUzcO0bEoiK5xekTqK0owckKNT9mhResnQeES5pPFJIY0sKfBuGleeunZapiTOlJCMgCiHdALneFKILDd682DxSVBIeZKUxBADgkE1Ymwc+8XNYIw+NVIU4dBNykv3mKd5LpNbhvnHitOL4tAG4rGqmSsxZ5TJIC+8KABJdiHanAvcQT7NMpQcqRlKSHslT0BJFEmodtSKxnLSqdMGckkpZK2CAQRTu7qg1GNfIR0eE2oJcoJmS0KI3SAlZzpsTQEDUnq8LFPHrTk6rgl34OrmoCrJgAy6tbrBmEmdolKw6QeOrauPm0KYvNRt630j6fFktWuDknC+ScvDAC4gabKSLVPF/lBuHWoHIoBosXLCa8bwa2mVoTjsLZk1gwAAF+Zgtc+tYUiSkh4sGEBPdHjHNOScrOmEWo0VKn5dXh0Yp9RBCsGNKmBv8ATw7kEctIScXyNqS4CO1BF4hlJFnimfKWGCanhr4RWrETEd5JbT7ENRvgHKuQfGllVSxgUylOK35xbPxRUYpVNJjrgmkcc5JsukYlSbmkaMqe4cloFkYBcwJNEjnw6Rof6Qhrl+LxhklD9m+OM/0SQonWLhSMyUgy1FzX0aCUYsLEZOPrg1jL3yRSStdSMo0g4TOECoAtxi9QYXhS3HHYtK4qKIjLDwSgRPBXJlYzDtvQJ2a1p3U08o6IIEUpdNGppGizNIzliTZgS9mTFKYhhqT8uMb8nBpSGFIS5hiCcREzySnyVDHGHAp2AQpnfXU6xJOFQKCgGkQViYhnMZ23sVS5LJiEiwgYiMvbG30SFJQQVrNSlJG6niSbasNWMc9t720AQpEhKipv9xQYDpx4PbrEPJGOzYHdIcaxlL2/JE1EsEqKwSFUyuLpL90hO8X05x52fbLFZ8wVRgGY5aUJZzUk8dBzEYuK2iuZMMx8pu6QAXYAk0qSwiHliUe3oxLhwaaQ8eJJ21PFO1P5la1hQd1eidw6QC2YFCid4BZYKADcd500qWY2IiMjCSgsBP7pRGXIpiGUGVVaqCtCTRiQbMIrCLyhaAJrA7oBSWYiqCTmGrg6Wg7C4rPLCTu5ACAw0uEkjgDSseN3pQ4dokOkYIJzy1lc1k5k9kQQD3QkpooB9APi8Rw2wsRNylKD2SyU6hUvNQKU+qSzivO8ZKZKSslC2mAUGZi+bRQ3k0p4B6GPS9g7TlysMkrXvV3XSS4HKxN2JuaUjpxvFN7pIpbj7H2AvDoUkzCtyaHhp0PHjBhl5N5gTwjQw2NTMRnQXH3eMzGKBXRQ6OI9nppRUVFcGWWNbpFaN4kqUxhkyipTAvFKMVKyhZmICCWzEhn4PxjopCEsCCCGBB5HXpG880Y8Myx49XJHCSCAHMFlDhnIiBU0QXMjlcm3Z1pJKi5BakTziM1U0w3bGFQ7NbKIrVKBvAKcUYtRiIKYbFWI2UlRcMOMMjZqE3DwalbwlKcVi+5Kqsjtxu6KwvSJIX84YIF4xPZ7Fbis5rmcOdCAdYjl0XwrZrYmTn0hYbDACoA6C0XCcISViK1OqJpXZVPwxNjFRw6swcsIOSqEsiBTaBxTK3AhiuANp7Rlym7RTPYMSfTofKOexvtmiXVKMyQRVRZ+g8mjKWWMeWOztEL4xCZPSGBIBNnIDx5dtH2xnTArKoAA0CWDVcXqo0HG0c9iMVMWsMsrWTvJtrVWYkDlWMZdSr2QWet4j2gkJUy1FAqylDdLM7am8Ye1PbOUhKTLTnc1Kt0AAjhqXcdDHB9gspUJkxKE1oMywGJroP8AJiiXiMpEuWDMIqSEuroxtTg/GMvqpeBWdfjPb792sIlgLPcLuA7h63Iu3WOfTtrFzB/uzAkEErNBSpa7mh4t0jNn4lPvSnKmIMxJYkliwBDV1vDrxSycuYU0QGsLDl4RMs02gLsfjVmZnmTJlaUGUs5dyXduEKdNSRUFr6BuB7vM+cCYhXay8xJAS7gtUlm1568OERE10JGbeHdZQIfyvp59Ywrz58iJCUFIzPmq7VZhqDwgeTLBLrOUHiRXg1a+UTwcy7qJUXYF3qCKl7EkecMJtCU3epdy9TpeNraTKvYJ/ZUfxEeLA+NYUCCarn5t84aM9UvYrYXKRNljs1rUgqpLVVgHByhQJYl+LX6weMVMChupJSwVbMbEH+Ukas1usBJxKkp7MAKCiSQt6GzuWy01BNxAsmXNQe0Xm7MAELCSo3ZI5A20Ecrhq5r/ALJo1MXi5JUlW8hQIGcJSrQ6t9NRBUichagyw5ANmJFmqXB0PC8CLx6FP+7TMoCXSzjgQWraujwZKlSEjt5YUSzZAyyGpYF2s7HjGMopJJp+vYIsxAAOYLU6bMWD2uCHUGZ+cZ68Qo/vEljUULljZgHL+A+cDYbGTRvAJNypJKgujuKitrUPHWCUYlCgCoGjtQlIVSgbq9mvGqi4fei2ycjDzFMlk5Wd1mjqamVNlFuFIL/ZAobyyohITlJLACoSGqQH+MVBUxSd0guDQuCADUUNrP1DwHiFzMqkkMSRVCiFXF60pr/mGm5vd0Co6vZ+352HSkzCFy0hinM5AFsqjbx5eGnhPbqSsF0EKGgL/JxXrHF4ZcxP7tSs7gHvAuDRilR0IahOogLEbPf95KKXL7ucEaHdJZgQ+r2jox55x+Lf4Ez0aR7XSls6FJctcHhWrNEMf7VSpaiEpMxLBlAsCT4WjzeVPmy8wmSwAB7xChmuGvp8OcFnGrSMxllL0dQUL6sR0EavqcsdrTEelj2iwrA9oHaoYuLUPOsFydrSFNlmor/MB8Y82RipJl5tzO1wQCo1YVqQa9aRSVSnTldKle8lShT1B+7Q/rJrlDo9e7fKHJYcTQecQk7TlKoJss/1p18ecebSJxIZR7pYXIHQlq/WBsVNOQqADpINLlNfECsH1zbpR/0qj0nG7dkpmdiVb5SSPwuRuh9SYzMJj5MhCjOUBmKQniSxdvT0jz3YhzYyVdO+SwqGAKj0t6R0HtnlTKlqVQBbP1ST/wAY6Y5G1qXI6tHbYDHS50sZFJC8oJS9hqeY584zcT7TS5c/sipJA76nsWejCseXiYAAAWID1oGU+paIrnEpKgl24Cza1vFd6VcE6VyeibU9upaB+6Qpat2pDBnGYCruztoDWrNGDjvbec+YZZZZqEkc6KLPzZ45iRMmGYlIScpY1BCeZfQXqeIhpo7RAExY3SDVLA0rvCrffTHJlfl/0D2NVWLmTwFLWopJLPWlTRILN01jH2tNm9p2eU33DlqU0A6Uvwg7BrmrICMpqXKWKRdq1YMw9IeelaFpWZZzWygO2YgUGjt4PHCsumW5JThcKhCSJswkqA3UOw4kEXLNWz8bxkCfLlzMssqUlSgCohIWlibKatxWlo7PIQWIAdJZTVzUdnqB9RFEnASJozsnMkXbfCgLk+VNIiPVRTbd0UosBM9KCCnJmAAClpSpZ8U9dAIGSZaVqUAAV1UCVAXqUgsfh9dOTsuSpR3pjgWJ7qtCGv0PCI4bZklQWM4mLB4AU0DgWcNRrkRHeir3f3FoYBNxwmZkIVTXM29x0DAU+6wNg9lzN8pcuG7yQwvTNUmnx6xpTXkqATJzFQqQFKGYsMicqXVWtQ9TYQRIZYAWMiyEkpBAAAvpo4dibxTzOEfitmCRz6ZGbdMwhyq1iASK1pBeCwEsqyAKJCSSxq/G3HWNvFSpOUJUQcpeim1q5Fw+nOIKxUpAzndISzsSSw95NyB1eIfUOS+KY6VmThdmTEzBmSWyUId3tXgXALVpDYrDKljKamjgCzuCL7xdXwvG3LxYmJBDh6hxlJ8Fmg0reK0zLZkqmHRvd0cj3XHF/jErPO/kv0Pbg5nN/wDWPL9YUdGlY/hjxIJ8YUX35ev9Jow8Mc6kBa0plurd3qKIukuwJISC+j9YFw+KmIWDvJKKMagA3BCtIUqVmzLKgmhdJBLEB2pxI9YsmLCgAQULFCHoefL7pqehu9nuNu+QszFzCFHs0qcsGyhVyU2bzIaDsEpZUf3eTeIKD3eZcimppyvSAsFIUWUFAsQRXL1DgH4QcqROK8wGUPUAXASK96gZxRxHNOuNiYpPkjtDZmeYZudCElKXyBRUTrmYsdKtoIpTgznftCmUliFZnUeVhkFCG184vnTUr3QxWlVkuxPjYgG9hq8XomoyMVJTxCSWdtWDqLPV+A5Qlkmkk/wOgZGPCldnLKnYgEhxR+FjzjUOGZxmKyKE5iABXQFm+kZfbpSAmUlj3k2FHcLUCNSXY3p0iappAWAMyaqJO6SxoCWOUANYPFSjf8RhWI2bM70sCZ/VkIT4qYtxvQQMjZRsmbmUO8GSa+DH5VNozkbRUBMykszOCvKngBnG6bXbxiODxpoQQASRQpKiRW1C2rtcAVeNO3NLkGdFhkqQCnOla27tNGs9yKlqwkrO6lT7xGVmJ6OzDwLxgJxSkKChLIUKklQBIY7zHS/O0FTtsKFAKKH7tmJpRgPdI8KHrGbwybGXbR2egFOSWpC95lAdzxAYiurUPhA65CylJC+0zECwIsSVVUAEsnpakWYTFzzL/wBuYpNQCUKIUQSkpLak7rcYNGBUEskLAzOMmRiGYAlqpoLAN4Odt4L5go2WKUkAJzJP16DvBjoR6wFiJExhlYV9yjUvxa/kK8C/2JCABMWSSaJcID/0pc+kRndkhSc5Msl8uY50nR3LOeTkxyQyU9nf6BxZVsAy04yU5NHar1VLUitKVV6iOh9q5yOyQlYqVuK2CUkFXEd8DxjlJGHBxCFdpmzTJeXdtvpCmJtVIppW7gxq/wDUFBEySUs2RYbMpOqXIygvQjyj0oS1Y3uF7MFVg+0G8EFJCaZyDQ6MCaD4iLJUhErNkOZySyjxelb35QDs/ZkwpSFTAFM4BBUr8oFPEvBczYUxSMvaBQHEDSwANGvR9Y4JZUvi5bCUZPwOraUtmQUJWGKkJIBpdzoBd2aLkKlqSiYUy8xUneI42OgJfX3qXjMmbFUiikJWKklifzFQygB3elqPWHGFmlScshayKvkNFObk8iDpccIpY1JXBv8AI0mnujYXMVLQg7qCFqehAIIPLiX6nWB8FjlTO0OVKUkqykZSo6Zs2hq9ecZ+J2bisstCpYc5i5yj8IZ1NzLQFisT2bpXlCU7oABcKD6gNYiGunTdOmwbbN/tJhSrtD2jndSokF+GdJs2nHpA47WijlSRTIFskXNS3q0Y6sauYAElawkF0IOXKLXPeLkfbxTipld4EgNc8GuwbyOvlUenp06C2b6cGlDkpSVAk1XnUQeFLVt18Qpu17p3UptQ/IEfYgEbSKpmZASo8AS5N8xAq4PDSkasvCS5iEq7MqCyDplCrEAXa718YmUFF3MAHtwSEIUcymbeWO8b8FXu1HOlIfB4UNmM0oY7wy8HOWpuGs2oghRQFJBkp3K5bHiyS2ulNXbgRiMOhaZhSFJZXdL5SB7xJdRoHPyinNVtsJ14ILCgc6JgyuWqxc8KwNiS4/eBSlOCxYihcOLM9Q3nAkiSZgANMvNTAfiKQaUtaDZ+AUtaxmRMKGKkgWSRTKDQsAGqDQxFKL5JsjiMSQc7lwalk1QeFGqR8oHG0FqAzLWAbPUPqRrR/hGlh8OFy8+fNuqVvB05gkkAi53gKXrAycNkllDl0EpWAFUUmigTY1Bik1puvNFeCkBOqEq5tfneFE+0H4QfzfWHg3EYicJikpcozVpYHWI9nPWoO0sP3iCSBW5ZlWvHYImfO3+ecXpWDevhEPrJJ7xRaicHPxM2Wo75WKa05Hhrp4tExtlZT31Aizk0zVJvrHdHDyz7rxI4KV/DHlFfWwatx3K0HE4DFFsjqNLJIDmtyxfpct4QZiMFiMu5IJBAJa9LPvBzyaOsTKSO6lIghHEgRi+t+VxiCx7nJ7J2ZPWpRnZ5YIAJCcylDgCaJFY19obJl9m0vtCt6FRJIDE+6A1rgaxtdrEpUzLQFQ/qJPG5L6w/qG5KV1XhGnaRnI2BIVLYggkJLg5TqS+hv6RBHszJFlTGcliUm4Abuu1In7S4pYw8zIVZik1Actq76NTxpVolsJZThkCYTuuC5BIZRGWnBm8IeTJkcNd+aoWmN0Sl7CkB3SFuAGUEkUJNtbtBuH2fJSEjsZSsoYFUtBYXZIZk1rSBp20kJD06qpFKdphQuK8IwWfKls2PTEWGxM2UMQlAGUzEmWkBKAAHSVBIAAYoSPAGrucbE47EiqkEpFSUpcCvJRteNCdgpawzzAeKV1Hm79Ij+xTJYzJmlQFWyb162NfARq8+veVP7MiUWZ+H284CVstKrBi+lSkilxbiIJwezipZImKXLWHTLUkuGD3e7g2AMW4faXaZc26uwevVjpRxG1syWwKlFzTKaapOa16KEaYo3NRiq9+f+CUHypKEtuoJSaEIQLWNnfV3i6epK2K0pJTZ0JU1vxAtaKUzOkRVMI4ffjHs0qKo5rG7MVKXnllKQCStAGXtGBy6skcgwrAEnFYuctkoVLSnvZjlSHFBQOfAx1OLGYBQuHB1oMpB9T5Ry+NxU4qBKVS0hWXMpspcsCE66GpDx5OSD7jjSb8N/wDtwaNVCSgOuYoqOqQx0oxc/wCYPkbWyoVLBUCr3xRQcMDTvENc8I5fBbOmTMykYokPcoKR0O9X7tBCthJfNMmlWlEtWlnJ4cI51WNup0/shK3wjqJO0pi091KSkpDnedKSreFmUpJ4ljxtAOM2dLmTUzCgd5Kld4KU1w6VAB72veBtnBEkKAUpbt3iKN9Y0EYpKrfGM8nW5tVp7fgpQA9ty5MtKJiJSSlBZSCVFKnoHGYB3Ua1snR4LGEl1aVKYoAykEozPUs5YNRgWiOIlJXlzgkJU7At7qk1ofxOOBAOkOpYoEhZFnLGwuSG+zGn103BVV73sFIUrASxmJlSs5FCEMkKzLUC1/eAu7Jg3AzBLSrMlGeoBQnKkDQMSWgMvEFTGcmjXiV1uVte/wABpiYftLh5hAmjIVpzOAkpBBIsCGch3bjrpgyPaGZ3VOkoBAoSG63LR02zNqTZq1hSMqUvcGpBDAKdlULmkFYiWlYZSY3nn0bZYpshxTOdkbU7Iy1IWleYHOQa3BqosxrUP8jFAWsTFzFYhIVMCSsJ3d0BkihtlN2q8FYv2cw2q1SybDMTfkxaBJHs4hF1mYg13SAeDZgDwjWGXDTadX7RDXoqRi+yTuzAQoMUpG6XYM+lKePjF420lCVJSBlWVkMAHcuAyjuitTplh5ns6gh5ZWCDTMQUtwLIf11jPl+zs1eUl0pFCCGVS9D1jVTwyTtlLgNlT0MM0xIOtJY/9kk+fpaFB6fZ7DD3Zx6q/tLeUKMu7i9v/AoBGIXLOXKojQ/QcPpGthMSViyn47pHoRAitoS5ZCKqID3FBFo2mgtQB7f5MY5FKSvT+ydVB4WriX8x5iLULU7P1rGWrayU8PXz5xWNvy3sx5D0dqxh2ZviJSyG6hJerRNC+sC7DxqZqyhLOE5jmSFUcCxteFtzbEzDTMiJclQyIVWUAXUZgahGiPWNodFKS1PY3jLUrDxMfQ+X6RLLGCn2um6yJPggf3QdsfbkyfN7My5Sd1SnyfhKQ1FfzRp9DL2itQfL7OYFJUkqAUxfMlyljSm8OY5xje0E8ypiUoBCVAkJAJdRUVKq2pJPKNzGYkylSh2cpXaLy91QypSkqJoqtvWMHEe0ypYdISeA4etYqWGUGo1aMpyS5AcMuZMFJSphLZglJWEuDUsDwgxGz5rf7E5Ls47NbNQcHt8IK9jccjEDGTOyEteRIUxdJLTDmCTVJ48fOMxGGOY6efHpG7wRSV7DjC1YStU6X35UzKwdXZrp1oAD9YulYwsCkuBVve5uOR0jS2xKP+nygk5VkS97VqE9Yw8Js4UUtalNdiyTyOvjGGfp4RoTTT2DsPgZcxapqAy60CnBJ1CdDUx0q5jKypUwTuhi1Ehnp0gfZiEy5ScicudSlU4DdHmcxgpOJmaKUPOO3pcWlam+V/giKZ6mbOr8xPzhKnq/Gr8x+sWftExu+fIxE4iZ+I+UdAwZUwqC0kkulTB9Usoa33fWMuepCUErG7YvWhox6xsrxC+J/KPpGXtWQF5c4cLQlwWYqG6acSUv4xx9Xiv5DjfBkr2kgAVZOgAygs+psP1itePSpwVEfzJUmg8SWqbdItVsmQo5SGBBsWZ+A8TcRjbUwX7KVFSRMlrSoIU3dXl3XexBreoSekcmPDCTpPcNLNSdiZTF1pWRdyAb3taGOMCd5JSwBOgPoaxi7D2bMnzFyVAIytmWpIVkTRwB+NRYB7B46mXIwWGUEApKwBmK3Uqo1IGVNNA0GXFGG3L9EtVuWbFxxmJJBdOhfXhAXtdOKJIWmYlCwtJTXeJdqV0BJ8GjXw02UEtLKQm7BJAryi1BS4Vuln7yXFQxFdI48UowzKT2SHyuQDZUlARKmEzc2QO5DEkByxt0cwemanULB6A/MRfMnZgBugD8KSPCB6EkVprRulC/mIebO5t8Nc+hUSOLVopfmYrKx93iuatCO8UjqRDS1IVaYOkc0nKS3ug1EMSlTpUGyi4apchquwHhDqlBIADAAMAw8olOsQGLtq0TCqW9XbwrFJ3FJsLRi4hGJBUZZCg/dCsrcGBYP1OkBDaGJSWUiZrQAKYDiQT6R0CZjrCUgJZyo8gCosHrQWiv9oXqfI/Ro9XD00pRTcVTX7CMNXBg/wCvH8Kx4fpCjoe0PE+cKNvo4eiuw/ZyWJ2OuYrMkh3q5Nh7r/pEpeyJrFJKSOLnxcEVEbyJCu7QeT+T2i9OD/nD0sHHi4r5xnGWV7NbErE2YSdhKzJClhtWBc005+cZ8/YCgdxSVGru6W8Y7mXhUcVeQH1PrBCcOng/M/OkdEU4+TWOH7GD7DYBcuZNUoAbgAYvcu3pEvatGeZ0yjyS/wDzjpMPLSl8qQHa2v28Y200gzi9qHXg3/EQ8kmor8mmPHu0c6jCRuey+Gaeo8Jah5qR9IvXIAqBBuxgO0Ww90fExnjnJySZUsSimyv2jJeS2gxKjx3ZVOtTHmywsjukk3ofvztHpu0BmxWGSTQpxD+MtIixeykGhuRZ/qLR0TluYdpz3MH/AKdSVJlYmlVFIH5VfWNL/SZn4UnxTBmGwhkpWEAMS5rW2tA0XqmzX7g86RL0z3ZrGMoqkjM9p1lOEQnVORKuRAFIxNjT8+dGZ1ZRkBbvZkuzcE5j4R1E7DGaAJjJFTcVO63HQQkbICVApmKB5EN40rESUZbP8GbhJ+CSZMxWRKEOlCEpelSL3UKOTBKcFMb/AGv/AE/uictUxNAtLf8AaNOjfZi/tpn8RH5D/dHRGcapE9uXoo/Y5n8I+SPrEF4OZ/DPkmDDPm/xEfkP98L9om6rRr/8atP/ANIrUg7cvRkzMFM/hH8qfpA2JQezTmSUdmpWYKGXcUMwLUpmzRvqmTPxS/yK/vgeaharlD1sg63FVMfGIk4tU2PRL0cIMW53dbML8YGx8xcyWZa6hwQ76E15WPnHcTdlBVwkv/IGbizwOdgJNzpZm8KKjmeNJ2mUoSfg4zZuImyUrKO+suompN2PP9Yxp3bdsZiwSVF3Zxw+Ueln2fQdT/5fNUOjYiBbzr670Utm5bbieKT5OARtFYDFKh4KAfo3GLkbXNRysUmvQi/6x6AnZaRqKcQfPvWiwbNSKbr/APao16k+vSJeKL8InsM88G3lOaZfAimtPvWKf9YXmcKIem67FuWpLx6SNnJfQ/08ONaGII2cCHJGvuhr08xB2YLwhdiRxMvAz8ZLYZQQosFlSCRS1K1imZs7FyGSqUaWKBnD8QUgt5CO8GzEgklZal0hh4BiPGJHZyAQLvwoOL+loVNLSoqi+xtweeCbiiXCZopqlTUFt4cvF+cQGMxGZssx7d1QDvXRh56R6UjASxTe/N6w37LLaz8fhdqQtHuKJ+nZzGDnKKZa69oGcKDVBsePDnE8QgpUQASi6eISagE8RY8xHQL2dLckE+h8dIdOHCaA5q1da0em9HRiuKpv8DhCUGcx23IQo6ZUsfw1fnT8yIUXrRpb9AyEJsUB/EW1D1i9ITbKn6esDpU5o/lDqmhNVCg/lp+pjnut2dGlIKStP4B1c9OMWpWkHuep+MDJVSiX8aeph0KrvOLNUVNeGutOUUFIvWS7BLMOJ9Ix8SgdoS5zAmgNG6FPM6wbOxQlqy1JYVJ+wICWt1FXEkiG4qaVmLm4ydD56VUfyv8AMQTsssZiqqDJZgAdXur5wMoj7MX4OcE5tYIwimmgeRtUxGYDjZJIIaXNLFnYsNCY2SQ1ASeZq1LsKFn04RhBYVjkVZ8MQOLqmLHwB8o3TLysHBcgAa9a1MGR7jxtUIqALBJrV6aX0qdIs7NJoXbpx5xSgl3KhRwQaktq7UuIdKi5ofEBmb3afH9ISpmqLQhOmZuQDEBwxJ+VaCEpmoeA08q2o320UmYGYpL1ZNCSHYkv5nhrFqaU89Kaf56wwodeUOSSEjoBwa/2Ydk8+Nrink3DkOcVlYy5n3dCOdAzcbRNR+pPIVPyEGwqHTlepNdGDPq2pufKEtYAd9PgM1eApzhA18vg/wA4ZyyfDhqG1hhRM5RqeFtbceLecRUz69SKtxv4+fCGJuOQr1p8RDZtXbnSn+C8DHRImllOOQr0L/T1hHKNVGlKC/C8QJajl7/pS/TUQio8CeI58XJrT7eEFEgtPNq1+ze0MyToQ3Ln1tQQhflRjDMHt+nJz0goKHK0mwJ4kNapo1zy5wipIs5J9NCRwtFZ0vzo9tGGtYSEDi+oqT4Xc63g3EWKUK1L66Uu3lFaQNQdD3qvzI8NIdNNCR6t4mrcYi5NDyta/wB0MA6JhqVJLNoPlwitCm73H8XGHSgABIAA6sITUt6sfMQaQoiZwcUarVPj4fpDMGbKG4BwBzHHq3zh1cac66RBSqvpXi708IKCh1zP5H6uPhR4glafwsevH75QxW/uluLN8nHWIKFaCn3W0AUh8w0bzP1hQzngfKGh0GkFlpAFvVuloihJKmWkZaFJJo+rgDyuYSU8zXp6AAUiaEOA4FDQrFeoYt5RkzRomuUDRKiK1oQmmtqiw0glHZnU8au/BhR2gYJDlyOI49eMTlJCaBgOGUiDSiHCyleBlKJWMwe9w39OqocbIlmrtf31eZbl8YvCa0p1uR8osCRZ/Qv8IlR9B24sHRseWa9ot9AFgv4kRZ/pMpJP7xXPfFdNRSLQi5rXr9/PpEkkuafH7EUk0LtRHk7PloV2iQCtKcoWS6mBJCfMmCEzTR2CurgcQ4YE+nWKXYOoZR4+Gl+QhKAO8QX4ZvKjsTy5xXIu2kOVs7JDEuSCA5N1XHneJCXY1YWGvjWp+zWIzZmViSEgGrqNPSpdotSsAc+op9SfnFbFV6EwDClyG0L6cL1Jhgo6V0V7vVQp4BoZALbzPrrTRPP75RJCw5LhxcProPWASQ6k1pSxb4J6fpCUgE+Iagq1TfyhFVC5DiraOdAWhWBqLHUX+/jAMjLVQqp7x1HS/KJKU16F0c7kQ04slVqJ4jn0hTVX4Bta0LwBSErvAUrmpq1wfT1hkkObMagNpYguft4lM1tQgu/mx6REqq4ILGtagGlmrY+UADoDUJsQ2tzun5PEh5t0Hh84ZdK/hpTgW+nxitaDd+Sg4FNFcQRy5wcAPndiKpq9i9wdbg3H+Iihg284NQ5FOh1TzuH8rMxDkjyPkpy2l/t3IIZ2YVLGx4jka0gExy7XA5xArFiwOlmP39vC0Iq3iW87p5Qyk6OWvYk+F3HqIbYEQSwBPq9KPX589IdSRoPkfvWIhTV0pWp8X1HO/GEXGrg1DJNjzF+ohWMQFXAHM69LVF4ZT0Zx0YjSrXiS5dM3WtyOn34RXkcuzkWIBcjgWv69IAbQ6ySzacr+loqAyu5pfk3h84cV1HgQ4uNDy59BEXtR31HdJ5Em/wBNILAYmgoNBZqeXpFbqc2bSlX6xYoHS3EN5N/mK1g6gHy+x0Y+EAC3uHoP7oaI14fD6QoAtgyFCxIB4Vdna7EcPOLUy6mn/kSfp8YUKIK5JLnJFyepJPkwiyU9CwYn8Rv5OfFhChQDJPUhi+pKj9+USq5s1OL8/C1BwhQoBosluwNd61f1oIklKnfLQc6k8ADYc31hQoaEOlR3rljalHALBzwIi3KaUOvBh61P31UKFHgQyVF6ih7tqACpP3rEkpzVc0elL8Tx1hQosQ+ZtSQGDlnJsLDnDE194NU2qS9PD6Q0KBgiRJISHrc+H6t5REqoALKLnyfhyEKFAMZZZJ45hoLEgNaJzQWUQfdIajWPJ9YaFCQMmpySGoRdheGlqLAm6gAaCtCeNrwoUMRBCCWBqA4IZLHRz96mHCmd33daVF/vpChQkISU+5Wzh2s/d6XHlCCVAhIfL4U5XHDn8IUKGBWEtYHLma7MX4OXBPxiSwUBzRN24NqGNOn2VChIBBVSz1qzs9gSOBtFWcF2U/IlQf0oeYhQoYnyOljWvAhyz/eoh3fMg/F6HwrbrChQAV5iSSwzdbpH9N7cOsVlILVyv1IP3zhQoCikkO7A0Z2Y9DS3nDJI1SAwbmB9PtoUKEgIgjQjy/SFChRRJ//Z"
뿌리공원,대전,"“당신의 본관은 어디입니까”, “저는 김해김씨입니다.” 우리나라 사람이라면 한번쯤 들어본 적이 있는 질문과 대답일 것이다. 본관이란 자신의 시조가 태어난 곳을 뜻하는데 김해김씨, 경주이씨, 밀양박씨, 경주최씨 등 성 앞에 지역 이름을 붙여 말한다. ‘뿌리’공원은 이름 그대로, 나의 뿌리인 성의 유래를 찾아볼 수 있는 아주 특별한 테마 공원이다. 전국 유일의 '효' 테마 공원으로, 대전시가 추천하고 한국관광공사가 선정한 안심관광지다.",대전광역시 중구 뿌리공원로 79 뿌리공원,36.2854269,127.3880835,"122,100m²",,무료,042-288-8310,https://cdn.visitkorea.or.kr/img/call?cmd=VIEW&id=27657647-ffe8-4675-a820-b0afd4e0cf20
대전 오월드,대전,"대전오월드는 ‘주랜드+플라워랜드+조이랜드+버드랜드+나이트 유니버스’의 복합적인 공간으로 구성된 온 가족이 함께 즐길 수 있는 중부권 이남 최대 규모의 테마공원이다. 주랜드에서는 오월드에서만 볼 수 있는 한국 늑대 사파리가 있으며, 버스 안에서 야생 동물을 생동감 있게 관람할 수 있는 아프리카 사파리와 그 외 다양한 동물들을 만나볼 수 있다. 자이언트드롭, 후룸라이드, 슈퍼바이킹 등 스릴 넘치는 놀이기구를 조이랜드에서 체험할 수 있으며, 꽃과 물과 빛이 어우러진 향기로운 꽃의 세계인 플라워랜드, 희귀 새와 열대 정원이 어우러진 환상의 버드체험까지 즐길 수 있다. 또한, 다양한 디지털 미디어 장치와 흥미로운 스토리텔링을 더한 신비로운 나이트 유니버스에서 홀로그램쇼와 음악분수 워터쇼 등 환상적인 밤의 시간을 경험할 수 있다.",대전광역시?중구?사정공원로 70,36.292673,127.3960712,"783,897㎡",,이용권 종류 및 이용시기에 따라 이용요금 상이하므로 홈페이지 참조 또는 전화문의 요망,042-580-4820,https://cdn.visitkorea.or.kr/img/call?cmd=VIEW&id=814be342-fb16-4216-b33b-c26eef5ae82e
중앙탑사적공원,충북 충주,"국보인 충주 탑평리 7층 석탑은 남한강의 아름다운 경관과 잘 어우러져 있는 통일신라 시대의 석탑으로, 당시에 세워진 석탑 중 가장 규모가 크며, 우리나라 중앙부에 위치한다고 해서 중앙탑이라고도 부른다. 중앙탑 주변에는 조각공원이 만들어져 있으며, 넓은 잔디밭이 깔려있는데, “문화재와 호반예술의 만남”이라는 주제로 국내 조각가들의 작품 26점을 전시한 충북 최초의 야외 조각 공원이다.

* 충주 시민의 위락시설로 자리 잡은 중앙탑사적공원 *
중앙탑공원 내에는 충주박물관 1관, 충주박물관 2관, 야외박물관, 야외음악당, 음악분수 1기, 중앙탑, 경기 운영소, 간이 분수, 파고라, 10여 개의 조형물 등이 있다. 이러한 시설을 바탕으로 중앙탑 사적공원은 충주 시민들의 쉼터와 어린이 학습 체험 장소로 자리 잡았으며, 중앙탑공원 북쪽에 있는 충주조정지댐과 더불어 충주 시민의 위락 시설로 이용되고 있다.",충청북도 충주시 탑정안길 6,37.0178287,127.8661782,"8,448㎡",,무료,043-842-0532,https://cdn.visitkorea.or.kr/img/call?cmd=VIEW&id=ce243f95-734b-496e-85ec-18a99366ba8b
문암생태공원,충북 청주,"쓰레기 매립장이 있던 곳이 생태공원으로 변신했다. 청주시는 문암쓰레기매립장을 공원화하기 위해 2004년부터 2006년까지 지반 안정화작업을 실시했으며, 매립가스를 포집해 연소시키고, 골재와 흙을 덮어 공원을 조성할 터를 마련하였다. 이렇게 조성된 청주 문암생태공원은 총 21만여㎡로 충청권에 있는 공원 가운데 가장 큰 규모를 자랑하고 있다.
이 공원은 혐오시설로 인식되어 온 비위생적인 매립장을 환경생태적으로 복원하여 시민들의 여가와 건강을 위한 웰빙환경 및 생태환경공간으로 조성하고(Recycle), 시민 모두에게 활력을 불어넣어 주는 다층적인 이용공간을 조성하며(Activity), 청주시의 균형적인 공원녹지네트워크와 녹지축을 연결하고 북부지역의 거점 생활공간으로 조성(Landmark)하는 것을 목표로 하였다.",충청북도 청주시 흥덕구 문암동 122-2,36.6747021,127.4474807,21만2586㎡,,무료,043-201-0732,https://www.cjculture42.org/admode/upload/board/place/179/168092141612243255.jpg
청주랜드,충북 청주,"어린이들의 다양한 학습 및 체험 공간으로 어패류 전시실, 수석실, 서구문화전시실이 갖춰져 있다. 탐구 과학관에는 세계 각국의 희귀한 전시물들이 갖춰져 있는데 세계의 희귀나비가 전시된 나비전시관, 나비생태관 그리고 공룡관, 천문대, 어린이체험관 등 색다른 볼거리들을 제공하고 있다. 특히 어린이체험관은 미취학 아동들이 즐길 수 있는 각종 체험기구와 프로그램 등을 제공하고 있어 아이와 함께 찾기 좋은 곳이다. 가까운 곳에 청주동물원과 국립 청주 박물관이 있어 연계 관광이 가능하고 북쪽으로 좀 더 이동하면 청주의 옛 석성인 상당산성도 거닐 수 있다.",충청북도 청주시 상당구 명암동 70,36.6499447,127.515736,"126,900m²",,무료,043-201-4869,https://cdn.jbnews.com/news/photo/201907/1253173_1049494_5321.jpg
청주중앙공원,충북 청주,"예로부터 청주는 지세를 따졌을 때 무심천 위에 떠있는 배의 형상이라고 해서 주성(舟城)이라고 했다. 청주의 한복판이라 할 남문로 2가에 서있는 용두사 터 철당간은 그 배를 안정시키고자 세운 돛대라고 전해진다. 중앙공원은 청주시의 한가운데 있는 시민들의 휴식처로서 공원에는 선인들의 숨결이 서린 압각수와 충청도 병마절도사 영문, 망선루가 있다. 병마절도사 영문은 목조 2층의 누각으로 정면 3칸, 측면 2칸의 익공계 팔각지붕으로 유형문화재로 지정되어 있다. 그 앞에는 1천 년을 헤아리는 은행나무 압각수와 조헌 선생과 영규대사를 기리는 비와 한봉수의 송공비, 박춘무의 비 및 서원향약비 등이 있다. 청주 시내 중심에 있는 시민들의 휴식처로 시민을 위한 각종 음악회와 발표회가 열린다. 공원 안에 1,000년 된 은행나무인 압각수(충북 기념물)와 목조 2층 누각인 병마절도사 영문(충북 유형문화재), 조헌전장기적비(충북 유형문화재), 척화비(충북 기념물) 등 유적이 많다.

중앙공원에 있는 은행나무는 나뭇잎이 오리발처럼 생겨서 압각수(鴨脚樹)라는 이름이 붙어져 있다. 그리고 그 은행나무에는 다음과 같은 전설이 전한다. 고려 말 공양왕 때 윤이와 이초가 이성계 일파를 없애기 위해 중국 명나라로 가서 이성계가 공양왕과 함께 명나라를 치려 한다고 거짓말을 하였다. 이 때문에 이색·정지·이승인·권근 등이 청주옥에 갇히고 문초를 받자 갑자기 하늘에서 폭우가 쏟아져 성안에 홍수가 났다. 이때 근처에 나무가 있어 죄수들이 올라가 목숨을 건졌는데 그 나무가 바로 압각수였다는 것이다.",충청북도 청주시 상당구 상당로55번길 33 (남문로2가),36.6326575,127.487363,"24,800평",,무료,043-201-8238,https://img.newspim.com/news/2019/03/08/1903081301177100.jpg
오창호수공원,충북 청주,오창호수공원은 청주시 오창읍에 위치한 호암저수지를 중심으로 조성된 자연 근린공원이다. 푸른 잔디광장과 드넓은 저수지의 아름다운 풍경이 어우러진 도심 속 자연 쉼터로 일상에 지친 사람들이 자연을 벗삼아 잠시 쉬어갈 수 있는 그림처럼 아름다운 청주의 힐링공간이다.,충청북도 청주시 청원구 오창읍 오창공원로 311,36.7148695,127.4254498,15만 7765㎡,,무료,043-201-8622,https://i.ytimg.com/vi/jyrFdy7YcUA/maxresdefault.jpg
충주탄금공원,충북 충주,"탄금대는 본래 대문산이라 부르던 야산인데, 기암절벽을 휘감아 돌며 유유히 흐르는 남한강과 울창한 송림으로 경치가 매우 좋은 곳이다. 탄금대란 신라 진흥왕 때 우리나라 3대 악성(樂聖) 중 하나인 우륵(于勒)이 가야금을 연주하던 곳이라 하여 붙여진 이름이다. 1,400년 전인 신라 진흥왕 때 가야국의 우륵이라는 악사는 조국의 멸망 후에 이곳에 강제로 이주당한 수많은 가야인들 중 한 사람이었다. 당시 우륵은 탄금대 절벽바위를 주거지로 삼고 풍광을 감상하면서 가야금을 타는 것으로 소일했다. 그 오묘한 음률에 젖어들어 사람들이 하나둘 모여 부락을 이루고 그곳을 탄금대라 명명했다. 탄금공원 한편에는 충혼탑이 하나 서 있다. 한국전쟁 당시 나라를 위해 순국한 충주 출신 전몰장병과 경찰관, 군속, 노무자 2838인의 넋을 추모하고자 1956년에 세운 것이다. 이곳에서는 매년 6월 6일 현충일을 맞아 향사를 지낸다. 탄금정과 충혼탑 중간에는 항일시인 권태응 선생의 감자꽃 노래비가 있어 발길을 또 한 번 붙잡는다. 공원 군데군데에는 조각작품이 들어서 있고, 소나무 군락이 시원한 그늘을 만들어 단란한 가족 나들이를 즐길 수도 있다.

공원으로 말끔히 단장된 탄금대는 임진왜란 당시 신립장군이 장렬하게 최후를 맞이한 순국의 현장이다. 현대로 넘어와서는 한국전쟁의 와중에서 숨져간 넋들을 기리는 충혼탑이 세워져 있는 곳이다. 장중한 남한강 물줄기가 내려다보이는 칠금동 대문산 기슭의 탄금대. 조선조로 넘어와서 임진왜란을 맞아 탄금대는 감상의 장소가 아니라 치열한 격전지로 변모한다. 신립장군의 가슴 아픈 패전이 이곳에서 기록된다. 선조 25년(1592) 4월 14일 가토 기요마사와 고니시 유키나가가 이끄는 15만 명의 왜군이 거침없이 서울을 향해 쳐들어가자 신립장군은 도순변사가 되어 충주 방면을 지키게 된다. 신립장군은 지형을 정찰한 뒤 조령에 진지를 확보하기에는 시간이 촉박하고 우리 군사들의 훈련이 부족해 사지에 몰아넣지 않으면 투지를 드높일 수 없다고 판단, 28일 새벽 8천여명의 군사를 거느리고 탄금대에 배수진을 친다. 그러나 신립 장군은 전세가 불리해지자 천추의 한을 품고 남한강에 투신자살, 패장의 불명예를 쓰고 만다. 탄금정 정자에서 북쪽으로 층계를 따라 내려가면 열두대라는 층암절벽이 기다린다. 왜군과의 격전 당시 장군이 열두번이나 오르내리면서 활줄을 강물에 식히고 병사들을 독려했다 해서 열두대라는 것이다.",충청북도 충주시 탄금대안길 105,36.9885109,127.9062016,"8,400㎡",,무료,043-848-2246,https://cdn.visitkorea.or.kr/img/call?cmd=VIEW&id=f63c3267-f1ee-4659-956b-cca10b607016
한반도지형전망공원,충북 진천,"전국에서 가장 한반도지형에 근접하다 하여 관광객들에게 인기를 모으고 있는 초평호 한반도지형은 두타산(598m) 삼형제봉에서 초평호를 굽어보면 위로는 중국이, 아래로는 한반도 지형과 제주도의 형상과 일본 열도가 있는 것처럼 보여 탄성을 자아내게 한다. 늘어나는 관광객들을 위해 한반도지형 전망대를 추가 설치할 계획이라고 한다.",충청북도 진천군 초평면 화산리 563-1,36.812044,127.529317,,,무료,043-539-3623,https://tour.chungbuk.go.kr/site/www/images/contents/cts185_img01.jpg
수안보도시생태휴식공간,충북 충주,,충청북도 충주시 수안보면 안보리 354-2,36.8415949,128.0006381,,,무료,,https://www.fnnews.com/resource/media/image/2022/01/15/202201151945085493_l.jpg
보강천미루나무숲,충북 증평군,"보강천은 증평군 도안면과 증평읍의 들판을 적시며 흐른다. 보강천 생태공원이 조성된 곳은 보강천과 좌구산에서 발원한 삼기천이 합류하고 증평읍의 남쪽을 병풍처럼 두르고 있는 두타산에서 발원한 지천들 또한 보강천과 합류하는 지점에 조성되어 있다. 두 개의 큰 물줄기와 소소한 지천들이 모여 풍부한 수량을 자랑하는 이곳은 다양한 생명체가 살아 숨 쉬는 아름다운 습지를 이루고 있다. 보강천 체육공원에서 출발하여 습지를 걷고 징검다리를 건너 다양한 수변식물의 생태를 관찰하면서 다시 원점으로 돌아오는 보강천 생태공원을 한 바퀴 돌아보고 나면 다양한 수변식물과 곤충들과 만나게 된다.
보강천의 관속식물, 특산식물, 귀화식물 등 아름다운 꽃들이 가득 피어있고 보강천에는 다양한 어종과 포유류가 관찰되고 있다. 증평군은 보강천 미루나무숲을 중심으로 증평종합스포츠센터부터 증평대교와 장미대교를 지나 증평일반산업단지 진입로까지의 구간에 보강천 녹색길 조성사업과 보강천 녹색 나눔 숲 조성 사업 등을 시행했다. 보강천 녹색길 조성 사업은 보강천 미루나무숲과 연계한 휴게시설과 편의시설을 설치해 지역 주민들에게 휴식공간을 제공하고 있다. 도시 속에서 휴식하며 힐링할 수 있는 여유로운 공간이다.",충청북도 증평군 증평읍 인삼로 104-48,36.7883221,127.580505,5만여㎡,,무료,043-835-3481,https://www.jp.go.kr/uloads_clone/tursmCn/TUCN_201802050512285491.jpg
보은 펀 파크 체험공원,충북 보은군,"아이들을 위한 특별한 공간, 아이들이 즐거운 상상의 나라를 활짝 펼칠 수 있는 충북 보은의 펀파크 체험공원은 눈으로 보고, 귀로 듣고, 직접 타보고 즐기면서 오감을 통해 느끼고 배우는 재미난 테마공원이다.",충청북도 보은군 보은읍 보청대로 1414,36.4843756,127.7570721,5만9천752㎡,,"개인 7,000원 단체 5,000원(체험 별도 요금)",043-544-5553,https://www.inews365.com/data/photos/20221041/art_16655498315992.jpg
과일나라테마공원,충북 영동군,"과일나라 테마공원은 영동군에서 생산되는 특산물인 포도, 복숭아, 사과, 자두, 배 등 과일을 주제로 조성된, 테마파크다. ",충청북도 영동군 영동읍 매천리 39-2,36.1602766,127.792397,7만8천여㎡,,무료(체험비 별도),043-740-3651,https://yd21.go.kr/portal/html/sub05/0505.html?mode=IMG&no=199873&file_id=142176&site_dvs_cd=fruit&code=fruit_photo
단양생태체육공원,충북 단양군,"단양 버스터미널에서 자가용으로 1분 거리에 위치한 단양생태체육공원은 도담삼봉, 단양강 등 아름다운 주변 풍광을 자랑하며 전국적인 차박 성지로 급부상하였다. 매주 주말이면 바쁜 일상에서 벗어나 야외에서 휴식과 힐링을 즐기려는 이들로 인해 각양각색의 캠핑카, 카라반들로 장관을 이룬다. 단양생태체육공원 내에는 축구장, 야구장, 파크골프장 각 1면, 주차장 100면, 생태습지 1곳, 자전거도로(2천468ｍ), 간이화장실, 개수대, 쓰레기 수거함 등 노지 무료 캠핑장임에도 불구하고 각종 편의시설을 모두 갖추어 캠핑에 불편함이 적다는 장점이 있다. 특히 단양 도심에 위치해 지역 명소인 단양구경시장에서 캠핑에 필요한 장도 보고 음식도 구입할 수 있으며 인근 음심점도 이용하기 편리하다.또한 단양생태체육공원 계류장에는 카약(1·2인승), 파티보트(7인승) 등 수상레포츠 시설이 본격 개장하여 남한강의 잔잔한 수면 위에서 시원한 바람을 맞으며 도담삼봉, 고수대교의 멋진 풍경을 즐길 수 있다.
",충청북도 단양군 단양읍 별곡리 115,36.9921405,128.3614001,"165,000㎡",,무료,단양군청 043-420-3114,https://www.cctimes.kr/news/photo/201505/408204_144154_5210.jpg
벨포레 놀이동산,충북 증평군,,충청북도 증평군 도안면 벨포레길 367,36.8460592,127.5784531,92만평,,"-회전목마 : 4,000원 -바이킹 : 5,000원 -범퍼카 : 5,000원 -슬라이딩카 : 5,000원 -미니기차 : 4,000원 -BIG 3 : 12,000원 (3회권) -BIG 5 : 20,000원 (5회권)","043) 926-1001,1002,1003",https://www.blackstonebelleforet.com/upfile/image/activity/a9af6f4c-4a77-48b6-9a56-d60ca5e8b152.JPG
솔향공원 스카이바이크,충북 보은군,"속리산 청정자연 속에서 솔잎향기를 느끼며 하늘길을 달리는 스카이바이크 시설과 정이품송, 곤충을 테마로 한 4D영상관이 있다. 스카이바이크는 4인용 바이크로 솔향공원을 크게 돌아오는 구간 1.6km(30분)을 운행하며, 4D 영상관은 꼬마잠자리 체험이야기 ''나노의 모험''을 관람할 수 있다.",충청북도 보은군 속리산면 속리산로 600,36.4991983,127.8010624,411㎡,," 스카이바이크(1대, 최대 4인 탑승) 20,000원
※ 자세한 사항은 홈페이지 참조 또는 전화 문의 요망",043-542-0970 솔향공원 스카이바이크,https://cdn.visitkorea.or.kr/img/call?cmd=VIEW&id=ca81cd60-10e6-460f-8775-5511c2278ca5
옥천선사공원,충북 옥천군,"고인돌과 선돌 등의 선사유물과 장승, 솟대, 돌탑 등 과거 역사유물이 배치되어 있는 산교육장으로 활용되고 있는 공원이다. 공원 산책로 또한 잘 정비되어 있으며 대청호 옆에서 조깅을 즐길 수 있다.

향수 호수길의 입구에 위치한 공원으로 산책 후 관광객들이 휴식을 취하는 공간이기도 하다.",충청북도 옥천군 옥천읍 수북리 39,36.3156979,127.6109987,,,무료,043-730-3114,"https://mblogthumb-phinf.pstatic.net/MjAyMTA5MDFfMTk4/MDAxNjMwNTA0Mjc2NjE4.8_Ac_4sFUyk3AQkjHca9sl0He8aiF-LvnKZL6ZR729gg.7gYUkLMZa-H2O1qZIgP-BTDCSH97hgfZVroE_ywBJY0g.JPEG.uoops7/%EC%98%A5%EC%B2%9C_%EC%98%A5%EC%B2%9C%EC%84%A0%EC%82%AC%EA%B3%B5%EC%9B%90,_%EC%95%88%ED%84%B0%EC%84%A0%EC%82%AC%EA%B3%B5%EC%9B%90-02.JPG?type=w800"
증평자전거공원,충북 증평군,"충북 증평에는 특별한 자전거 테마공원이 있다. 어린이뿐만 아니라 어른들도 편하고 즐겁게 시설을 이용하고 교통안전 교육에 참여할 수 있도록 조성된 증평자전거공원이다. 이곳은 자전거공원, 자전거안전교육장, 거리 미니어처로 만들어 놓은 포토 존까지 갖추어져 있어 어린이 교통안전뿐 아니라 예쁜 사진을 촬영할 수 있는 곳이기도 하다. ",충청북도 증평군 증평읍 남하리 1017-36,36.7671278,127.6044431,1만 957㎡,,무료,043-835-3983,https://img8.yna.co.kr/etc/inner/KR/2022/03/09/AKR20220309036700064_01_i_P2.jpg
서산버드랜드,충남 서산시,"서산버드랜드는 세계적인 철새도래지로 유명한 서산천수만을 체계적으로 보전관리하고 체험과 교육중심의 생태관광 활성화에 주력하고자 조성된 철새 생태공원이다. 철새를 주제로 다양한 볼거리와 프로그램이 운영되고 있으며, 철새를 직접 관찰할 수 있는 탐조투어가 큰 인기를 얻고 있다. 철새뿐만 아니라 숲, 갯벌, 논 등 다양한 자연생태계를 체험할 수 있는 프로그램도 연중 운영되고 있으며, 여름방학과 겨울 철새도래시기에는 다양한 특별 프로그램을 진행하고 있다. 또한 철새서식지 조성과 먹이 주기를 통해 서식지관리를 추진하고 있다.",충청남도 서산시 부석면 천수만로 655-73,36.6313291,126.3783564,"244,197㎡",,"개인 - 어른 3,000원 / 청소년, 군인 2,000원 / 만 12세 이하 어린이 무료
단체(20명 이상) - 어른 2,000원 / 청소년, 군인 1,500원 / 만 12세 이하 어린이 무료",041-661-8054,https://upload.wikimedia.org/wikipedia/commons/5/52/Seosan_Bird_Land.jpg
성성호수공원,충남 천안시,"업성동의 ''성'', 성성동의 ''성''을 따서 합쳐 만든 업성저수지의 탈바꿈.
업성저수지의 수질이 6등급으로 악화되어 농업용 저수지로서의 기능이 상실, 천안시의 수질개선 및 자연생태계 복원 사업으로 업성저수지는 ''성성 호수 공원''으로 탈바꿈되었다. 방문자 센터(홍보관/체험관), 잔디마당과 숲 놀이터, 생태탐방로 및 자연 관찰 교량인 성성 물빛 누리교, 인공식물 섬, 물 순환시설 등 자연과 사람이 공존하는 도시생활 속 친환경 생태공원이며, 이 공원에는 멸종 위기의 금개구리와 맹꽁이 등 다양한 양서류들과 원앙, 청둥오리, 흰뺨검둥오리 등을 구경해 볼 수 있다.",충청남도 천안시 서북구 성성2길 66,36.8471835,127.1354595,"524,282㎡",,무료,041-521-5412,https://www.sisanews24.co.kr/imgdata/sisanews24_co_kr/202307/2023071743223779.jpg
연미산자연미술공원,충남 공주시,"연미산 자연미술공원은 ‘자연미술’로 특성화된 국내 유일의 친환경 생태미술공원이다.
(사)한국자연미술가 협회-야투가 주관하는 금강 자연미술 비엔날레와 야투 자연미술 국제 레지던스 프로그램 등을 통해 조성되며 국내외 작가들의 야외 설치작품 100여 점을 만나볼 수 있다. 설치 작품들은 자연과 조화를 이루며 그 수명의 한계에 따라 지속적으로 교체되어 매번 새로운 감동으로 감상할 수 있는 특징이 있다.",충청남도 공주시 우성면 연미산고개길 98,36.4732171,127.1026182,4만9586㎡,," - 성인 5,000원
- 청소년/어린이(만 3세 이상) 3,000원
※ 자세한 사항은 홈페이지 참조 또는 전화문의 요망",041-853-8828,https://image.여기유.com/content_travel/2890299999_pAEHMX8e_d037eac076decfe5a45273458a12c7e2eff91c2b.jpg
탑정호 수변생태공원,충남 논산시,"충남 논산시에 위치한 탑정호 수변생태공원은 충청남도에서 두 번째로 큰 저수지다. 대둔산 자락에서 내려오는 물줄기로 맑고 깨끗한 수질을 자랑하는 이 호수는 주변 논산평야의 젖줄이며 사철 날아드는 철새들의 서식지다. 호수 방향으로 가면 탑정호 출렁다리로 이어지는 데크 길이 나오며, 30분가량 걷다 보면 탑정호 출렁다리가 보인다.",충청남도 논산시 부적면 부적로 721-10,36.1918162,127.1723773,"48,574㎡",,무료,041-746-5945,https://www.ccmessage.kr/news/photo/201703/424_1259_5625.png
신정호,충남 아산시,"아산 신정호수는 일제강점기인 1926년에 만든 담수면적 92ha(27만 평)의 인공 저수지로 아산시?방축동에 있다. 이곳은 1984년에 국민관광단지로 바뀌었고 호수 주변에는 야외음악당, 잔디광장, 음악분수공원, 조각공원이 조성되어 있으며 자전거 라이딩과 트래킹으로 유명한 곳이다.",충청남도 아산시 신정로 506,36.7705206,126.9752974,92ha,,무료,041-540-2518,https://cdn.dtnews24.com/news/photo/202108/709659_310928_054.jpg
홍예공원,충남 홍성군,"홍예공원은 홍성에서 제일 큰 공원이다. 홍성과 예산이 만나는 내포신도시에 자리한 이 공원은 호수를 따라 달과 별, 꽃, 물, 나무와 함께 즐거운 산책을 즐길 수 있는 것은 물론 밤이 되면 호수에 비친 내포신도시의 황홀한 불빛이 아름다운 홍성의 야경 명소로 잘 알려져 있다.",충청남도 홍성군 홍북읍 신경리 460-26,36.6572026,126.6670698,27만 4650㎡,,무료,041-635-2852,https://www.hsnews.co.kr/news/photo/201606/75844_40293_4541.jpg
꽃지해안공원,충남 태안군,"꽃지해안공원은 낙조가 아름답기로 유명한 할미, 할아비바위가 있는 안면도 최대의 해변인 꽃지해수욕장에 조성된 테마공원이다. 2002년 개최된 안면도 국제 꽃박람회를 위해 만들어졌다가, 박람회 이후 해안공원으로 개장했다. 여러 개의 테마 정원으로 이루어져 사계절 아름다운 꽃들로 장식되었다.
전체 면적이 약 6만 평의 규모이며, 4계절 화원을 조성하여 봄, 여름, 가을, 겨울의 공원을 관람할 수 있도록 운영되고 있다. 또 야생화를 볼 수 있는 전시관이 있으며 꽃동산 및 초화원, 장미원 등의 야외정원도 있어 아름다운 해변과 아름다운 조화를 이루는 해안공원이자 최상의 휴식 공간이다. 공원 내에는 피크닉장, 캠프파이어장, 벤치와 평상, 파고라, 쉘터 등의 휴게시설과 농구장, 미니축구장, 배구장, 족구장 비치 발리장 등의 체육시설이 갖춰져 있으며 화장실, 취사장, 샤워장, 음수전 등의 시설이 있다. 1만 평의 넓은 주차장이 있어 언제든 편하게 방문할 수 있다.",충청남도 태안군 안면읍 승언리 3114,36.5001812,126.3368385,약 6만 평,,무료,041-673-1061,https://image.kmib.co.kr/online_image/2021/1129/2021112911353724025_1638153337_0016516342.jpg
천안삼거리공원,충남 천안시,"옛날 우리나라 삼남대로의 분기점이다. 이 길은 서울에서 내려오는 대로로 천안에 이르면 두 갈래로 갈라진다. 하나는 병천을 거쳐 청주로 들어가 문경새재를 넘어 상주로 통해 영동, 김천을 지나 대구, 감영, 경주, 동래로 통하는 길이요, 다른 하나는 공주를 거쳐 논산, 전주, 광주, 순천, 여수, 목포등지로 통하는 대로다.호사스러운 관행이 지나가기도 하고 초라한 선비가 아픈 다리를 쉬어 가기도 하던 곳으로 천안삼거리는 갖가지 전설과 민요를 낳기도 하였다. 천안삼거리 흥타령은 기쁜 노래의 대명사인양 많은 사람들의 흥을 돋우고 즐겁게 해주고 있다. 이 유서 깊은 천안삼거리를 관광지로 조성코자 가로수로 능수버들을 심어 가꾸고 있으며 호수가에 화축관의 문루이던 영남루를 옮겨 연못에 세웠다. 또한 이곳에서는 해마다 흥타령 축제등 많은 문화행사가 다채롭게 열리고 있다.", 충청남도 천안시 동남구 충절로 410 (삼룡동),36.783977,127.167579,"20만 7,000m²",,무료,천안관광안내센터 041-550-2445,https://3way.onweb.kr/data/editor/1808/9302c3329c8e8abb0b6e348d7055c88e_1533369232_2195.jpg
의좋은형제공원,충남 예산군,"의좋은 형제 공원은 충남 예산군 대흥면에 있다. 서로의 곳간에 쌀가마니를 옮겨주다가 길에서 마주해 부둥켜안고 울었다는 ''의좋은 형제'' 이야기를 테마로 조성된 공원이다. 물레방아가 돌아가는 아름다운 연못과 계절별 아름답게 꽃피우는 다양한 나무들이 편안한 분위기를 자아내 가족 단위 나들이나 연인들의 데이트코스로도 손색이 없다. 실제 두 형제의 집과 두 형제가 오갔던 거리를 재현되어 있어, 이야기 속으로 들어가 보는 즐거움을 느낄 수 있다.",충청남도 예산군 대흥면 의좋은형제길 3,36.6067317,126.7919862,,,무료,041-339-8282,https://blog.kakaocdn.net/dn/cckniL/btra1YZwt97/K8wwZ4cUe7GsQeQxN2zmU0/img.jpg
어사리노을공원,충남 홍성군,"어사리 노을공원은 산책로와 전망대, 광장, 휴게시설 및 운동시설이 갖춰져 있어 천혜의 자원인 천수만 노을을 감상할 수 있다. 두 남녀가 행복한 모습으로 소중한 약속을 하는 모습을 표현한 조형물 ''행복한 시간''이 있다. 전체적인 형태는 남녀가 행복한 모습으로 소중한 약속을 나누는 모습을 표현하였다. 작품을 투조 형태로 제작하여 시간의 흐름에 따라 낮에는 푸른 하늘빛을 담고 저녁에는 노을로 붉게 물드는 남녀의 얼굴을 표현하고자 하였으며, 벤치에 앉아 연인이나 가족들이 바다와 시간의 흐름에 따라 변화하는 하늘빛을 담은 조형물을 배경으로 사진을 찍을 수 있도록 하여 기존의 고정된 부조 개념의 작품을 넘어 포토존을 추가하여 생활 속 현대적인 작품으로 표현하였다.",충청남도 홍성군 서부면 남당항자전거길 53,36.5560026,126.4684562,만 1840㎡,,무료,041-630-1362,https://tong.visitkorea.or.kr/cms/resource/17/3065317_image2_1.jpg
곡교천시민체육공원,충남 아산시,"곡교천시민체육공원은 아산(온양) 시내와 아산시 염치읍 사이를 흐르는 곡교천변에 자리한 체육공원이다. 부지 면적 9만 360㎡ 규모로 구장 1면, 야구장 2면, 배드민턴장 2면, 인라인스케이트장 1면 등이 있다. 부대시설로는 주차장 2면, 휴게소 2동, 화장실 2동, 야외 캠핑장, 사무실 등이 있다. 야구장 등의 시설은 아산시 통합 예약 시스템 사이트에서 예약을 하고 이용할 수 있다. 또한 야외 캠핑장을 개설하여 간단한 캠핑, 차박이 가능하며, 캠핑장을 이용하는 사람은 전기, 화장실, 샤워실, 취사장 등의 편의시설을 이용할 수 있다. 단, 이곳은 곡교천변에 위치해 있으므로 집중호우 시 침수될 수 있어 안전에 유의해야 한다.인근 관광지로는 곡교천유채꽃밭, 곡교천파크골프장, 은행나무길, 온양온천 등이 있다.",충청남도 아산시 온천동849,36.799323,126.9954891,9만 360㎡?,,무료,041-540-2396,https://tong.visitkorea.or.kr/cms/resource/65/2728765_image2_1.JPG
금학생태공원,충남 공주시,"금학동주민센터 앞에 다다르면 생태공원을 알리는 곰 가족의 친근한 이정표가 보인다. 금학생태공원 주차장의 아래쪽에는 습지가 조성되어 있고, 위쪽에는 두 개의 수원지가 있다. 주차장에서 가까운 곳에 작은 야외무대가 있는데, 이곳에서는 다양한 문화 나눔이 이루어지고 있다. 윗수원지 전망대에서 바라보는 주미산은 물과 산이 잘 어우러져 마치 한 폭의 동양화 같다. 금학생태공원에서 두리봉과 봉화대로 오르는 공주대간 트래킹도 좋다.",충청남도 공주시 수원지공원길 74(금학동),36.4336465,127.1239277,"2만 9,504㎡",,무료,041-855-0855,https://www.gongju.go.kr/thumbnail/tursmCn/920_TUCN_202004270548586404.jpg
노을광장,충남 보령시,"보령 노을광장은 보령 대천해수욕장 남부에 위치한 광장이다. 대천해수욕장 북부에 머드광장이 있다면 남부에는 노을광장이 있다. 노을광장은 해수욕장의 일원을 한눈에 담을 수 있는 곳으로 많은 관광객들의 만남의 장소로 이용되고 있다. 해수욕장에서 아름다운 노을을 볼 수 있는 곳이자 일출, 일몰 명소로 알려져 있다. 광장 주변에는 야영장, 호텔, 음식점 등 각종 편의시설이 있다.
보령 노을광장은 국도 36호선, 77호선, 지방도 607호선에서 머드로, 대해로 등을 통해 접근할 수 있으며, 고속도로는 서해안고속도로 대천IC가 가깝다. 주변에는 대천해수욕장 외에 짚스카이라운지, 남포방조제, 대천항, 보령해저터널, 보령해저터널홍보관 등이 있다.",충청남도 보령시 해수욕장4길 7,36.3197469,126.5076372,,,무료,041-930-6812,https://www.honamtimes.com/news/photo/202108/215531_80176_458.jpg
숲속애빛의정원,충남 보령시,"숲속애빛의정원은 대천해수욕장 북쪽, 대천항 동쪽의 대천펜션단지 내에 위치한 정원이다.이곳은 야간에 수백만 개의 조명을 통해 비추는 빛과 아름다운 조형물들, 그리고 배경 음악이 어우러지는 정원이다. 특히 대천펜션단지 통나무마을에 위치해 있어 이국적인 경관을 자랑한다. 대천해수욕장, 대천항과 가깝기 때문에 낮에 해수욕장이나 항구에서 관광을 즐기고 밤에 이곳을 방문하는 것도 좋다. 네이버 예약을 통해 예약하면 보다 저렴하게 입장할 수 있다. 또한 이곳에는 정원 외에 실내 낚시터, 펜션도 있다.숲속애빛의정원은 국도 36호선, 77호선에서 해안로, 통나무마을1길을 통해 접근할 수 있다. 고속도로는 서해안고속도로 대천IC가 가깝다. 주변에는 대천해수욕장, 대천항 외에 보령해저터널, 보령(대천)시내 등이 가깝다.",충청남도 보령시 통나무마을1길 44,36.3290411,126.52971,,,"성인기준 10.000원

14살 이하 8.000원 ,

지역주민 할인은 각각 4.000원 , 2.000원 , 

경로/장애인/ 국가유공자 6.000원

",010-2515-4430,https://image.autopus.co.kr/goods/162217929111563.jpg
정안천생태공원,충남 공주시,"정안천 생태공원은 충남 공주의 신관동부터 강가에 조성된 자전거길, 걷기 길을 따라 정안천을 즐길 수 있는 곳이다. 넓고 푸르른 공간에서 지친 마음을 힐링할 수 있다. 특히 정안천 생태공원의 명소인 메타세쿼이아길을 걷고 감상하기 위해 많은 지역 주민들이 방문하고 있다. 또한 메타세쿼이아길 아래로 펼쳐진 연지에 진흙을 뚫고 나온 연꽃들이 여름의 싱그러움을 느끼게 해주는 공원이다.",충청남도 공주시 의당면 청룡리,36.4920617,127.1345558,33만㎡,,무료,041-852-8513,https://www.newsband.kr/news/photo/201304/24448_20215_4917.jpg
덕산도립공원,충남 예산군,"덕산도립공원은 예산군 덕산면을 중심으로 서산시 해미면 및 운산면 일부 지역에 지정된 도립공원으로 덕숭산(495.2m) 지구와 가야산(678.2m) 지구로 나뉘어 있다. 그 중 덕숭산의 수덕사는 예산군 제1경, 가야산은 제7경으로 선정되었다.
이 공원은 덕숭산, 가야산의 자연경관이 아름다울 뿐 아니라 수덕사, 남연군의 묘 등 다양하고 가치가 높은 문화재 및 관광지가 밀집해 있어 이를 보존 및 발전시키기 위해 1973년에 도립공원으로 지정되었다. 공원 내의 문화재는 국가지정문화재 5점, 지방지정문화재 4점, 문화재자료 7점이 있다. 이곳에서는 문화재 관람 외에도 자연경관을 즐기며 등산도 할 수 있는데, 산의 지형은 가야산 지구가 덕숭산 지구에 비해 다소 고도가 높고 대체로 경사가 급하다. 산 정상에서는 서해 천수만, 오서산, 예당평야 등을 한눈에 굽어볼 수 있다.
주변에는 예당저수지(예당관광지), 덕산온천, 충의사(매헌윤봉길의사유적), 윤봉길의사기념관 등이 있어 연계하여 관광할 수 있다.",충청남도 예산군 덕산면,36.6701569,126.6271294,19.859㎢,,무료,예산군관광안내소 041-339-8930,https://www.fnnews.com/resource/media/image/2023/02/02/202302021723371805_l.jpg
예당호중앙생태공원,충남 예산군,"의좋은 형제공원 맞은편에 위치한 예당호 중앙생태공원은 부지면적 약 2,098평으로 전망대와 조망대, 파고라가 설치되어 있어 가족 또는 연인과 함께 걸으며 예당저수지와 공원의 수려한 경관을 조망할 수 있다. 공원내에 능소화 및 대규모 연꽃단지가 조성되어 봄부터 여름, 가을 아름다운 자연을 가까이 만끽하기에 제격이다.",충청남도 예산군 대흥면 예당로 900-7,36.6087436,126.7935086,"약 2,098평",,무료,041-339-7322,https://blog.kakaocdn.net/dn/bcBPZc/btrbodafVdQ/AGMowNqjV2muvB0wdy3491/img.jpg
태안해안국립공원,충남 태안군,"서해의 아름다움을 만끽할 수 있는 태안해안국립공원은 다양한 지질 환경을 갖춰 자연 학습장으로도 손색이 없다. 구불구불한 리아스식 해안을 따라 해안사구와 울창한 소나무 숲이 이어진다. 수평선 너머로 아득하게 지는 노을은 여행자에게 주는 또 다른 선물이다. 태안해안국립공원은 1978년 우리나라 13번째 국립공원으로 지정됐다. 전체 면적 377.019㎢, 태안반도와 안면도를 남북으로 아우른 해안선이 230km에 달한다. 해안선을 따라 펼쳐진 27개 해변은 저마다 독특한 풍광을 자랑한다. 드넓은 갯벌과 사구, 갖가지 기암괴석과 크고 작은 섬도 서해의 아름다운 경관을 느끼게 해준다.",충청남도 태안군 소원면,36.8944539,126.2066731,844.3km²,,무료,태안해안국립공원 041-672-9737,https://www.knps.or.kr/upload/contest/22/20231011020244881.jpg
청양지천생태공원,충남 청양군,청양지천공원은 충남의 알프스라 불리는 청정지역 청양에 조성되어 있는 자연생태공원이다. 남녀노소 모두가 깨끗하고 아름다운 자연 안에서 편안한 힐링이 가능한 여가시간을 보낼 수 있음은 물론 자연 생태를 가까이 관찰하고 알아보는 유익한 시간을 가질 수 있는 곳으로 청양의 가볼 만한 곳 중 하나다.,충청남도 청양군 청양읍 교월리,36.4534728,126.8117661,1만4148㎡?,,무료,,https://mblogthumb-phinf.pstatic.net/MjAyMzA1MjJfMTcy/MDAxNjg0NzMxNDIyNzg5.1mqo7gdM_QBAUtBXLjwi9YffIYMKaTp6vpkvMxOlEvcg.4abRA0zK2Gud4uqBKOksB1p6iNYWtEyJOhFWHDfmOE8g.JPEG.cheongyange/P1304598.jpg?type=w800
금강신관공원,충남 공주시,"금강신관공원은 충남 공주시 신관동에 자리 잡고 있다. 공원은 매년 개최되는 백제문화제의 중심지이기도 하다. 공원에는 3.7km의 산책로, 농구장 등 체육시설, 여러 가지 형태의 포토존이 갖춰져 있다. 더불어 1인용, 2인용, 4인용, 아동용 자전거를 빌릴 수 있는 자전거 대여소가 있어 자전거를 타며 즐기기 좋다. 공원은 공주IC와 가깝고, 주변에 미르섬, 공산성이 위치해 있다.",충청남도 공주시 금벽로 368 (신관동),36.4676713,127.1306499,"157,000㎡",,무료,041-856-7700,https://cdn.iusm.co.kr/news/photo/201709/763094_343354_3527.jpg
