공원명,내용,소재지도로명주소,위도,경도,공원면적,공원보유시설,비용,전화번호,이미지주소,,,,,,,,,
유림 공원,"유림공원은 대전 유성구청 근처 갑천변에 위치한 공원이다. 봄의 벚꽃과 가을의 국화꽃 등이 유명하며 가을에 국화축제가 열린다. 산책과 나들이, 소풍을 즐길 수 있는 곳으로, 한반도를 닮은 작은 정원인 반도지에서는 예쁜 물레방아와 연꽃, 시원한 그늘이 있는 정자도 볼 수 있다. 야외무대도 설치되어 있어 각종 공연, 행사가 열리기도 한다. [유림]은 계룡건설 창업주 이인구의 호로서, 계룡건설이 이곳을 공원화한 것을 기념하여 붙은 이름이다. 유림공원은 한밭대로나 온천동로를 통해 접근할 수 있으며, 고속도로는 호남고속도로 지선 유성IC가 가깝다. 대중교통은 대전도시철도 1호선 월평역을 이용할 수 있다. 인근에는 유성온천, 궁동로데오거리, 충남대학교 대덕캠퍼스 등이 있다.",대전광역시 유성구 봉명동 1012-3,36.36072,127.35789,"394,000m2","문학마을도서관, 연못 반도지",무료,042-824-4581,https://upload.wikimedia.org/wikipedia/commons/thumb/a/a2/%EC%9C%A0%EB%A6%BC%EA%B3%B5%EC%9B%90_%EC%9E%85%EA%B5%AC.jpg/215px-%EC%9C%A0%EB%A6%BC%EA%B3%B5%EC%9B%90_%EC%9E%85%EA%B5%AC.jpg,,,,,,,,,
우암사적공원,"우암사적공원은 대전 동구에 위치한 도시근린공원으로 조선 후기 대유학자인 우암 송시열(1607~1689)이 학문을 닦던 곳이다.
1991년부터 1997년까지 1만 6천여 평에 장판각, 유물관, 서원 등의 건물을 재현해 1998년 4월 17일 사적공원으로 새롭게 탄생했다. 조선 후기 이 땅에 유교사상을 꽃피운 우암 송시열 선생의 뜻을 기리고 보존하기 위해 조성된 이곳은 송시열이 말년에 제자를 가르치고 학문에 정진하던 남간정사, 건축미가 뛰어난 기국정, 송시열 문집인 송자대전판 등 역사적으로 중요한 문화재가 보존되어 있을 뿐만 아니라 공원 곳곳이 잘 단장되어 있어 도심 속 시민들의 쉼터로도 제격이다. 사적공원 안으로 들어서면 맨 먼저 왼쪽으로 대전광역시 유형문화재로 지정되어 있는 남간정사와 기국정 건물이 자리하고 있다. 남간정사를 살펴보고 나와 좀 더 위쪽으로 올라가면 우암선생의 유물과 일생을 살펴볼 수 있는 유물관이 있고, 유물관 앞 홍살문 사이로 멀리 명정문이 보인다.
서원 안으로 들어서면 우측에는 모든 괴로움을 참아야 한다는 뜻의 인함각, 좌측에는 모든 일을 명확하게 하고 마음을 맑게 하라는 뜻을 담은 명숙각, 정면에는 마음을 곧게 쓰라는 뜻의 강당인 이직당이 자리를 하고 있다. 그 뒤로 매사 심사숙고하여 결정하라는 뜻의 심결재와 선현의 가르침을 굳게 지키라는 견뢰재가 있으며, 가장 높은 곳에 새로 옮겨 지은 남간사가 자리 잡고 있다. 다시 명정문을 나와 우측으로 돌아가면 연못과 덕포루가 한 폭의 그림같이 펼쳐진다. 덕포루와 더불어 고즈넉한 연못이 운치를 한층 더한다. 한편 사적공원 내에서는 봄, 가을 우암 송시열을 기리는 제사를 지내고 있다.",대전광역시?동구?충정로 53,36.347748,127.4582,"53,120m2",,무료,042-270-8691,https://upload.wikimedia.org/wikipedia/commons/thumb/c/c0/Uam_Historical_Park_01.jpg/215px-Uam_Historical_Park_01.jpg,,,,,,,,,
한밭수목원,"대전의 최대 도심지 둔산에 자리하고 있으면서 우성이산, 갑천과 유등천, 정부대전청사 녹지 축에 연계된 전국 최대의 도심 속 수목원이다. 식물 종(種) 뿐만 아니라 생물 서식공간으로서의 생태환경과 경관이 우수하며, 예술의 전당·미술관·연정국악원 등 문화예술이 어우러진 시민의 문화·휴식공간으로 사랑받고 있다. 또한, 자연환경의 중요성과 가치를 알리는 체험 중심의 다양한 산림환경교육 프로그램을 개발 운영하여 숲과 자연을 사랑하는 건전한 시민정신 함양을 위해 노력하고 있다.",대전광역시 서구 둔산대로 169,36.3695,127.387483,386000㎡,,무료,042-270-8474,https://cdn.visitkorea.or.kr/img/call?cmd=VIEW&id=a5e2bd2c-8c8c-4247-82cc-c4a380395798,,,,,,,,,
솔로몬로파크,"대전솔로몬로파크는 법무부에서 운영하고 있는 법교육 테마 공원이다. 어린이, 청소년, 국민이 법을 쉽고 재미있게 배우고 체험할 수 있으며, 대전 외에도 부산, 광주 등에도 있다. 솔로몬 왕이 재판을 통해 지혜롭게 정의를 실현했듯이 솔로몬로파크는 법치사회의 자유, 지혜, 정의를 느끼고 체험하며 국민 누구나가 신뢰하는 법치국가를 만들어 가는데 필요한 민주시민의 자질과 소양을 쌓아갈 수 있다.
법체험관에서는 세계의 법역사를 이해하고 우리나라 법제도 전반을 체험할 수 있도록 입법체험실, 과학수사실, 모의법정실, 교도소체험이 마련되어 있다. 미취학 아동을 위한 법짱마을도 있으며, 솔로몬로파크에 조성된 법체험관과 법연수관을 중심으로 다양한 법체험 및 법연수 프로그램을 국민들에게 제공하고 있다. 법놀이터는 평일에 단체 1부(10:00~11:30), 단체 2부(11:30~13:00), 단체 3부(13:00~14:30)로 나누어 운영하며 개인 관람객은 15:00~16:30에 이용할 수 있다. 인근 관광지로는 엑스포과학공원, 대전신세계아트앤사이언스, 국립중앙과학관, 숭현서원 등이 있다.",대전광역시 유성구 엑스포로 219-39,36.377969,127.400039,"18,988㎡",,무료,042-323-8800,https://cdn.visitkorea.or.kr/img/call?cmd=VIEW&id=0de4d886-7c96-4b8f-b56d-6697a5a4f06b,,,,,,,,,
엑스포과학공원,"우리나라 최초의 국제박람회기구(BIE)공인 전문 엑스포로 개최되었던 ""93년 대전세계박람회""를 기념하기 위해 그 시설과 부지를 국민 과학교육의 장으로 활용하기 위하여 조성된 과학공원이다. 엑스포과학공원에는 대전세계박람회(1993)의 상징탑인 한빛탑과 대전세계박람회를 기념하기 위해 새롭게 재단장한 대전엑스포기념관이 있고, 각국에서 개최하였던 엑스포의 기념품 및 상징물이 전시되어있는 세계엑스포기념박물관에서는 200년간의 엑스포의 역사를 감상할 수 있으며, 어린이들이 교통관련 교육 및 교통의 역사를 체험할 수 있는 대전교통문화센터가 운영되고 있다. 이 외의 시뮬레이션관, 돔영상관, 전기에너지관, 첨단과학관, 에너지관, 자기부상열차, 음악분수, 꿈돌이광장 등은 대전시의 엑스포재창조사업 추진으로 현재 시설 철거 작업 중이므로 관람이 불가능하다.",대전광역시?유성구?도룡동,36.377,127.385,"902,000㎡",,무료,042-250-1111,https://cdn.visitkorea.or.kr/img/call?cmd=VIEW&id=69c33674-9204-49e3-a7cf-b077d723f645,,,,,,,,,
대전보훈공원,"대전광역시 출신 전몰군경, 6.25 참전 국가유공자, 월남 참전 유공자를 추모하는 공원이다. 원래 중구 선화동에 있던 구영렬탑을 선화용두지구재정비 촉진사업으로 인해 사정동 보문산공원 안으로 이전하여 조성하였다.",대전광역시 중구 사정동 200,36.3002516,127.401047,"1,090,000㎡",,무료,042-600-2899,"data:image/jpeg;base64,/9j/4AAQSkZJRgABAQAAAQABAAD/2wCEAAoHCBUVFBcUFRUYGBcaHBseGxsbGh0bGx4aHCAdHR0YHh0dICwkGx0pIBsdJTYmLC4wMzMzGyI5PjkxPSwyMzABCwsLEA4QHhISHjQpIikyMjIyMjI1NDIyMjIyMjIyMjIyMjIyMjIyMjIyMjIyMjIyMjIyMjIyMjIyMjIyMjIyMv/AABEIALcBEwMBIgACEQEDEQH/xAAbAAABBQEBAAAAAAAAAAAAAAAEAAECAwUGB//EAEEQAAECBAMFBQYDBwMEAwAAAAECEQADITEEEkEFIlFhcRMygZGhBkKxwdHwUpLhFCNTYoLS8RUzwgdyorJDY4P/xAAaAQADAQEBAQAAAAAAAAAAAAAAAQIDBAUG/8QAKhEAAgIBAwQBBAMAAwAAAAAAAAECEQMSITEEE0FRIhRhcYEykaHB0fD/2gAMAwEAAhEDEQA/AOxwGLCw7v8AEO9xpY34QaJwtHE7O2b2cpMxM5QdVJksK7MpYJCZj1lrdThTMAqoEdDJlTEt2jLSUvmCswB5HVJvWvMuybxZdb3X9bmMk4o0lLFwIzJ6ADUnlFsqakPFU5pgpcWEehjhpZyZJqS2BQpon2h4xXlahixCAY6WkcabJyJjRu4SU6QdYwEpq0bWCVMSO4THNnjtsdfTS3pmh+zxEyonLxSTcseBi3MI4Wn5O7Z8FKJcXoREe2Av6CCCDokwmNUPmpFZaKZhmFwABzPGMztpgmCWrjcaj6RUIX5FKdeDZEsRYhAiEsRdEFkgmHIisLaLgHEICtdozcYsdNYu2lMKBmenAM8YU2Us1IIzVHSOjDC92zDNOtkgKevMonnFZi1SWiDR6S4PMlzuRhNDwmiiSLRJCMygBqWhNE5DhQa8J8DXJvYOVLlkBI3mZ9Wg4KJjHlTCSEoDqIbNw5xsSUZQBc6mPMyqnbPUxNVsXISBEs0UKW14dKnjCjWyxibQwQ0TzgRQua8IodcyBJ0+GnTWjPmzHhqJEpFv7SYUAZoUVoI1HE+z22JglqQxCZmZBZmzNpmBS7G3Dzi+YrFIkBQmGZKSoISkJGdCW3Sthu1owPCwLDBVmQhIBYBNQHfjmVR7g0tTVq7sramdIlpUApQZWY5swBcJDpKgMtqV1tHjY5qqbf2oq1W4Pg9tTUKHaDNLIopt7MGdJ0dj8OMdrswOnMNRQnnHC4aRNlq/egiW6t07o3Xsz1F6O4LA3bq9m4hPZgSyw/CTUeH3xj1uhzyk3jlL8J8nNlgou0v6LsShQUc0QQItWXiIEe0uDga+VlstBu7GOjwE1kB7xziVEViZxS+MYZcbnsdOLIobmxjEpWRS0F4eTTejK2ctStCr5RqIWoXEcmSLj8TsxyUvkGolAVi3OIFSsmExjnp+TawhahAU4JK0k0Z/F4tWTAWJcgERcI7kzexpZhAap2ZYSCRGeMWp6wamcksHZovttEdxS4NDsxfWJoXAyVvFqVRk0apk5soLH3SBlYEG5Jg1KhCzgwlJrgHFPkwMTsvMoNQB66mAl7OUksY6WfMAiCZIWHMdMOolFb8GE8EJP7nOTMCfdS/SBpshSSxDGOwTICbQBisOJirkMI0h1Lvfgyn0qrbk5wSzE0S1XALcY3syJYCQep16xVMmJUKW8h1jRZm/Bn2IryTwYTLQktU1PF4tXikipLRmLxLBh5xHD4RUwgk043jJ41/KTNVke0YotOLzzGsI0gthFQwaZdXrxMSQoEOIym4v+PBrBNfy5GVMisrJi0IiaECMm0XuDfsxMUzcO0bEoiK5xekTqK0owckKNT9mhResnQeES5pPFJIY0sKfBuGleeunZapiTOlJCMgCiHdALneFKILDd682DxSVBIeZKUxBADgkE1Ymwc+8XNYIw+NVIU4dBNykv3mKd5LpNbhvnHitOL4tAG4rGqmSsxZ5TJIC+8KABJdiHanAvcQT7NMpQcqRlKSHslT0BJFEmodtSKxnLSqdMGckkpZK2CAQRTu7qg1GNfIR0eE2oJcoJmS0KI3SAlZzpsTQEDUnq8LFPHrTk6rgl34OrmoCrJgAy6tbrBmEmdolKw6QeOrauPm0KYvNRt630j6fFktWuDknC+ScvDAC4gabKSLVPF/lBuHWoHIoBosXLCa8bwa2mVoTjsLZk1gwAAF+Zgtc+tYUiSkh4sGEBPdHjHNOScrOmEWo0VKn5dXh0Yp9RBCsGNKmBv8ATw7kEctIScXyNqS4CO1BF4hlJFnimfKWGCanhr4RWrETEd5JbT7ENRvgHKuQfGllVSxgUylOK35xbPxRUYpVNJjrgmkcc5JsukYlSbmkaMqe4cloFkYBcwJNEjnw6Rof6Qhrl+LxhklD9m+OM/0SQonWLhSMyUgy1FzX0aCUYsLEZOPrg1jL3yRSStdSMo0g4TOECoAtxi9QYXhS3HHYtK4qKIjLDwSgRPBXJlYzDtvQJ2a1p3U08o6IIEUpdNGppGizNIzliTZgS9mTFKYhhqT8uMb8nBpSGFIS5hiCcREzySnyVDHGHAp2AQpnfXU6xJOFQKCgGkQViYhnMZ23sVS5LJiEiwgYiMvbG30SFJQQVrNSlJG6niSbasNWMc9t720AQpEhKipv9xQYDpx4PbrEPJGOzYHdIcaxlL2/JE1EsEqKwSFUyuLpL90hO8X05x52fbLFZ8wVRgGY5aUJZzUk8dBzEYuK2iuZMMx8pu6QAXYAk0qSwiHliUe3oxLhwaaQ8eJJ21PFO1P5la1hQd1eidw6QC2YFCid4BZYKADcd500qWY2IiMjCSgsBP7pRGXIpiGUGVVaqCtCTRiQbMIrCLyhaAJrA7oBSWYiqCTmGrg6Wg7C4rPLCTu5ACAw0uEkjgDSseN3pQ4dokOkYIJzy1lc1k5k9kQQD3QkpooB9APi8Rw2wsRNylKD2SyU6hUvNQKU+qSzivO8ZKZKSslC2mAUGZi+bRQ3k0p4B6GPS9g7TlysMkrXvV3XSS4HKxN2JuaUjpxvFN7pIpbj7H2AvDoUkzCtyaHhp0PHjBhl5N5gTwjQw2NTMRnQXH3eMzGKBXRQ6OI9nppRUVFcGWWNbpFaN4kqUxhkyipTAvFKMVKyhZmICCWzEhn4PxjopCEsCCCGBB5HXpG880Y8Myx49XJHCSCAHMFlDhnIiBU0QXMjlcm3Z1pJKi5BakTziM1U0w3bGFQ7NbKIrVKBvAKcUYtRiIKYbFWI2UlRcMOMMjZqE3DwalbwlKcVi+5Kqsjtxu6KwvSJIX84YIF4xPZ7Fbis5rmcOdCAdYjl0XwrZrYmTn0hYbDACoA6C0XCcISViK1OqJpXZVPwxNjFRw6swcsIOSqEsiBTaBxTK3AhiuANp7Rlym7RTPYMSfTofKOexvtmiXVKMyQRVRZ+g8mjKWWMeWOztEL4xCZPSGBIBNnIDx5dtH2xnTArKoAA0CWDVcXqo0HG0c9iMVMWsMsrWTvJtrVWYkDlWMZdSr2QWet4j2gkJUy1FAqylDdLM7am8Ye1PbOUhKTLTnc1Kt0AAjhqXcdDHB9gspUJkxKE1oMywGJroP8AJiiXiMpEuWDMIqSEuroxtTg/GMvqpeBWdfjPb792sIlgLPcLuA7h63Iu3WOfTtrFzB/uzAkEErNBSpa7mh4t0jNn4lPvSnKmIMxJYkliwBDV1vDrxSycuYU0QGsLDl4RMs02gLsfjVmZnmTJlaUGUs5dyXduEKdNSRUFr6BuB7vM+cCYhXay8xJAS7gtUlm1568OERE10JGbeHdZQIfyvp59Ywrz58iJCUFIzPmq7VZhqDwgeTLBLrOUHiRXg1a+UTwcy7qJUXYF3qCKl7EkecMJtCU3epdy9TpeNraTKvYJ/ZUfxEeLA+NYUCCarn5t84aM9UvYrYXKRNljs1rUgqpLVVgHByhQJYl+LX6weMVMChupJSwVbMbEH+Ukas1usBJxKkp7MAKCiSQt6GzuWy01BNxAsmXNQe0Xm7MAELCSo3ZI5A20Ecrhq5r/ALJo1MXi5JUlW8hQIGcJSrQ6t9NRBUichagyw5ANmJFmqXB0PC8CLx6FP+7TMoCXSzjgQWraujwZKlSEjt5YUSzZAyyGpYF2s7HjGMopJJp+vYIsxAAOYLU6bMWD2uCHUGZ+cZ68Qo/vEljUULljZgHL+A+cDYbGTRvAJNypJKgujuKitrUPHWCUYlCgCoGjtQlIVSgbq9mvGqi4fei2ycjDzFMlk5Wd1mjqamVNlFuFIL/ZAobyyohITlJLACoSGqQH+MVBUxSd0guDQuCADUUNrP1DwHiFzMqkkMSRVCiFXF60pr/mGm5vd0Co6vZ+352HSkzCFy0hinM5AFsqjbx5eGnhPbqSsF0EKGgL/JxXrHF4ZcxP7tSs7gHvAuDRilR0IahOogLEbPf95KKXL7ucEaHdJZgQ+r2jox55x+Lf4Ez0aR7XSls6FJctcHhWrNEMf7VSpaiEpMxLBlAsCT4WjzeVPmy8wmSwAB7xChmuGvp8OcFnGrSMxllL0dQUL6sR0EavqcsdrTEelj2iwrA9oHaoYuLUPOsFydrSFNlmor/MB8Y82RipJl5tzO1wQCo1YVqQa9aRSVSnTldKle8lShT1B+7Q/rJrlDo9e7fKHJYcTQecQk7TlKoJss/1p18ecebSJxIZR7pYXIHQlq/WBsVNOQqADpINLlNfECsH1zbpR/0qj0nG7dkpmdiVb5SSPwuRuh9SYzMJj5MhCjOUBmKQniSxdvT0jz3YhzYyVdO+SwqGAKj0t6R0HtnlTKlqVQBbP1ST/wAY6Y5G1qXI6tHbYDHS50sZFJC8oJS9hqeY584zcT7TS5c/sipJA76nsWejCseXiYAAAWID1oGU+paIrnEpKgl24Cza1vFd6VcE6VyeibU9upaB+6Qpat2pDBnGYCruztoDWrNGDjvbec+YZZZZqEkc6KLPzZ45iRMmGYlIScpY1BCeZfQXqeIhpo7RAExY3SDVLA0rvCrffTHJlfl/0D2NVWLmTwFLWopJLPWlTRILN01jH2tNm9p2eU33DlqU0A6Uvwg7BrmrICMpqXKWKRdq1YMw9IeelaFpWZZzWygO2YgUGjt4PHCsumW5JThcKhCSJswkqA3UOw4kEXLNWz8bxkCfLlzMssqUlSgCohIWlibKatxWlo7PIQWIAdJZTVzUdnqB9RFEnASJozsnMkXbfCgLk+VNIiPVRTbd0UosBM9KCCnJmAAClpSpZ8U9dAIGSZaVqUAAV1UCVAXqUgsfh9dOTsuSpR3pjgWJ7qtCGv0PCI4bZklQWM4mLB4AU0DgWcNRrkRHeir3f3FoYBNxwmZkIVTXM29x0DAU+6wNg9lzN8pcuG7yQwvTNUmnx6xpTXkqATJzFQqQFKGYsMicqXVWtQ9TYQRIZYAWMiyEkpBAAAvpo4dibxTzOEfitmCRz6ZGbdMwhyq1iASK1pBeCwEsqyAKJCSSxq/G3HWNvFSpOUJUQcpeim1q5Fw+nOIKxUpAzndISzsSSw95NyB1eIfUOS+KY6VmThdmTEzBmSWyUId3tXgXALVpDYrDKljKamjgCzuCL7xdXwvG3LxYmJBDh6hxlJ8Fmg0reK0zLZkqmHRvd0cj3XHF/jErPO/kv0Pbg5nN/wDWPL9YUdGlY/hjxIJ8YUX35ev9Jow8Mc6kBa0plurd3qKIukuwJISC+j9YFw+KmIWDvJKKMagA3BCtIUqVmzLKgmhdJBLEB2pxI9YsmLCgAQULFCHoefL7pqehu9nuNu+QszFzCFHs0qcsGyhVyU2bzIaDsEpZUf3eTeIKD3eZcimppyvSAsFIUWUFAsQRXL1DgH4QcqROK8wGUPUAXASK96gZxRxHNOuNiYpPkjtDZmeYZudCElKXyBRUTrmYsdKtoIpTgznftCmUliFZnUeVhkFCG184vnTUr3QxWlVkuxPjYgG9hq8XomoyMVJTxCSWdtWDqLPV+A5Qlkmkk/wOgZGPCldnLKnYgEhxR+FjzjUOGZxmKyKE5iABXQFm+kZfbpSAmUlj3k2FHcLUCNSXY3p0iappAWAMyaqJO6SxoCWOUANYPFSjf8RhWI2bM70sCZ/VkIT4qYtxvQQMjZRsmbmUO8GSa+DH5VNozkbRUBMykszOCvKngBnG6bXbxiODxpoQQASRQpKiRW1C2rtcAVeNO3NLkGdFhkqQCnOla27tNGs9yKlqwkrO6lT7xGVmJ6OzDwLxgJxSkKChLIUKklQBIY7zHS/O0FTtsKFAKKH7tmJpRgPdI8KHrGbwybGXbR2egFOSWpC95lAdzxAYiurUPhA65CylJC+0zECwIsSVVUAEsnpakWYTFzzL/wBuYpNQCUKIUQSkpLak7rcYNGBUEskLAzOMmRiGYAlqpoLAN4Odt4L5go2WKUkAJzJP16DvBjoR6wFiJExhlYV9yjUvxa/kK8C/2JCABMWSSaJcID/0pc+kRndkhSc5Msl8uY50nR3LOeTkxyQyU9nf6BxZVsAy04yU5NHar1VLUitKVV6iOh9q5yOyQlYqVuK2CUkFXEd8DxjlJGHBxCFdpmzTJeXdtvpCmJtVIppW7gxq/wDUFBEySUs2RYbMpOqXIygvQjyj0oS1Y3uF7MFVg+0G8EFJCaZyDQ6MCaD4iLJUhErNkOZySyjxelb35QDs/ZkwpSFTAFM4BBUr8oFPEvBczYUxSMvaBQHEDSwANGvR9Y4JZUvi5bCUZPwOraUtmQUJWGKkJIBpdzoBd2aLkKlqSiYUy8xUneI42OgJfX3qXjMmbFUiikJWKklifzFQygB3elqPWHGFmlScshayKvkNFObk8iDpccIpY1JXBv8AI0mnujYXMVLQg7qCFqehAIIPLiX6nWB8FjlTO0OVKUkqykZSo6Zs2hq9ecZ+J2bisstCpYc5i5yj8IZ1NzLQFisT2bpXlCU7oABcKD6gNYiGunTdOmwbbN/tJhSrtD2jndSokF+GdJs2nHpA47WijlSRTIFskXNS3q0Y6sauYAElawkF0IOXKLXPeLkfbxTipld4EgNc8GuwbyOvlUenp06C2b6cGlDkpSVAk1XnUQeFLVt18Qpu17p3UptQ/IEfYgEbSKpmZASo8AS5N8xAq4PDSkasvCS5iEq7MqCyDplCrEAXa718YmUFF3MAHtwSEIUcymbeWO8b8FXu1HOlIfB4UNmM0oY7wy8HOWpuGs2oghRQFJBkp3K5bHiyS2ulNXbgRiMOhaZhSFJZXdL5SB7xJdRoHPyinNVtsJ14ILCgc6JgyuWqxc8KwNiS4/eBSlOCxYihcOLM9Q3nAkiSZgANMvNTAfiKQaUtaDZ+AUtaxmRMKGKkgWSRTKDQsAGqDQxFKL5JsjiMSQc7lwalk1QeFGqR8oHG0FqAzLWAbPUPqRrR/hGlh8OFy8+fNuqVvB05gkkAi53gKXrAycNkllDl0EpWAFUUmigTY1Bik1puvNFeCkBOqEq5tfneFE+0H4QfzfWHg3EYicJikpcozVpYHWI9nPWoO0sP3iCSBW5ZlWvHYImfO3+ecXpWDevhEPrJJ7xRaicHPxM2Wo75WKa05Hhrp4tExtlZT31Aizk0zVJvrHdHDyz7rxI4KV/DHlFfWwatx3K0HE4DFFsjqNLJIDmtyxfpct4QZiMFiMu5IJBAJa9LPvBzyaOsTKSO6lIghHEgRi+t+VxiCx7nJ7J2ZPWpRnZ5YIAJCcylDgCaJFY19obJl9m0vtCt6FRJIDE+6A1rgaxtdrEpUzLQFQ/qJPG5L6w/qG5KV1XhGnaRnI2BIVLYggkJLg5TqS+hv6RBHszJFlTGcliUm4Abuu1In7S4pYw8zIVZik1Actq76NTxpVolsJZThkCYTuuC5BIZRGWnBm8IeTJkcNd+aoWmN0Sl7CkB3SFuAGUEkUJNtbtBuH2fJSEjsZSsoYFUtBYXZIZk1rSBp20kJD06qpFKdphQuK8IwWfKls2PTEWGxM2UMQlAGUzEmWkBKAAHSVBIAAYoSPAGrucbE47EiqkEpFSUpcCvJRteNCdgpawzzAeKV1Hm79Ij+xTJYzJmlQFWyb162NfARq8+veVP7MiUWZ+H284CVstKrBi+lSkilxbiIJwezipZImKXLWHTLUkuGD3e7g2AMW4faXaZc26uwevVjpRxG1syWwKlFzTKaapOa16KEaYo3NRiq9+f+CUHypKEtuoJSaEIQLWNnfV3i6epK2K0pJTZ0JU1vxAtaKUzOkRVMI4ffjHs0qKo5rG7MVKXnllKQCStAGXtGBy6skcgwrAEnFYuctkoVLSnvZjlSHFBQOfAx1OLGYBQuHB1oMpB9T5Ry+NxU4qBKVS0hWXMpspcsCE66GpDx5OSD7jjSb8N/wDtwaNVCSgOuYoqOqQx0oxc/wCYPkbWyoVLBUCr3xRQcMDTvENc8I5fBbOmTMykYokPcoKR0O9X7tBCthJfNMmlWlEtWlnJ4cI51WNup0/shK3wjqJO0pi091KSkpDnedKSreFmUpJ4ljxtAOM2dLmTUzCgd5Kld4KU1w6VAB72veBtnBEkKAUpbt3iKN9Y0EYpKrfGM8nW5tVp7fgpQA9ty5MtKJiJSSlBZSCVFKnoHGYB3Ua1snR4LGEl1aVKYoAykEozPUs5YNRgWiOIlJXlzgkJU7At7qk1ofxOOBAOkOpYoEhZFnLGwuSG+zGn103BVV73sFIUrASxmJlSs5FCEMkKzLUC1/eAu7Jg3AzBLSrMlGeoBQnKkDQMSWgMvEFTGcmjXiV1uVte/wABpiYftLh5hAmjIVpzOAkpBBIsCGch3bjrpgyPaGZ3VOkoBAoSG63LR02zNqTZq1hSMqUvcGpBDAKdlULmkFYiWlYZSY3nn0bZYpshxTOdkbU7Iy1IWleYHOQa3BqosxrUP8jFAWsTFzFYhIVMCSsJ3d0BkihtlN2q8FYv2cw2q1SybDMTfkxaBJHs4hF1mYg13SAeDZgDwjWGXDTadX7RDXoqRi+yTuzAQoMUpG6XYM+lKePjF420lCVJSBlWVkMAHcuAyjuitTplh5ns6gh5ZWCDTMQUtwLIf11jPl+zs1eUl0pFCCGVS9D1jVTwyTtlLgNlT0MM0xIOtJY/9kk+fpaFB6fZ7DD3Zx6q/tLeUKMu7i9v/AoBGIXLOXKojQ/QcPpGthMSViyn47pHoRAitoS5ZCKqID3FBFo2mgtQB7f5MY5FKSvT+ydVB4WriX8x5iLULU7P1rGWrayU8PXz5xWNvy3sx5D0dqxh2ZviJSyG6hJerRNC+sC7DxqZqyhLOE5jmSFUcCxteFtzbEzDTMiJclQyIVWUAXUZgahGiPWNodFKS1PY3jLUrDxMfQ+X6RLLGCn2um6yJPggf3QdsfbkyfN7My5Sd1SnyfhKQ1FfzRp9DL2itQfL7OYFJUkqAUxfMlyljSm8OY5xje0E8ypiUoBCVAkJAJdRUVKq2pJPKNzGYkylSh2cpXaLy91QypSkqJoqtvWMHEe0ypYdISeA4etYqWGUGo1aMpyS5AcMuZMFJSphLZglJWEuDUsDwgxGz5rf7E5Ls47NbNQcHt8IK9jccjEDGTOyEteRIUxdJLTDmCTVJ48fOMxGGOY6efHpG7wRSV7DjC1YStU6X35UzKwdXZrp1oAD9YulYwsCkuBVve5uOR0jS2xKP+nygk5VkS97VqE9Yw8Js4UUtalNdiyTyOvjGGfp4RoTTT2DsPgZcxapqAy60CnBJ1CdDUx0q5jKypUwTuhi1Ehnp0gfZiEy5ScicudSlU4DdHmcxgpOJmaKUPOO3pcWlam+V/giKZ6mbOr8xPzhKnq/Gr8x+sWftExu+fIxE4iZ+I+UdAwZUwqC0kkulTB9Usoa33fWMuepCUErG7YvWhox6xsrxC+J/KPpGXtWQF5c4cLQlwWYqG6acSUv4xx9Xiv5DjfBkr2kgAVZOgAygs+psP1itePSpwVEfzJUmg8SWqbdItVsmQo5SGBBsWZ+A8TcRjbUwX7KVFSRMlrSoIU3dXl3XexBreoSekcmPDCTpPcNLNSdiZTF1pWRdyAb3taGOMCd5JSwBOgPoaxi7D2bMnzFyVAIytmWpIVkTRwB+NRYB7B46mXIwWGUEApKwBmK3Uqo1IGVNNA0GXFGG3L9EtVuWbFxxmJJBdOhfXhAXtdOKJIWmYlCwtJTXeJdqV0BJ8GjXw02UEtLKQm7BJAryi1BS4Vuln7yXFQxFdI48UowzKT2SHyuQDZUlARKmEzc2QO5DEkByxt0cwemanULB6A/MRfMnZgBugD8KSPCB6EkVprRulC/mIebO5t8Nc+hUSOLVopfmYrKx93iuatCO8UjqRDS1IVaYOkc0nKS3ug1EMSlTpUGyi4apchquwHhDqlBIADAAMAw8olOsQGLtq0TCqW9XbwrFJ3FJsLRi4hGJBUZZCg/dCsrcGBYP1OkBDaGJSWUiZrQAKYDiQT6R0CZjrCUgJZyo8gCosHrQWiv9oXqfI/Ro9XD00pRTcVTX7CMNXBg/wCvH8Kx4fpCjoe0PE+cKNvo4eiuw/ZyWJ2OuYrMkh3q5Nh7r/pEpeyJrFJKSOLnxcEVEbyJCu7QeT+T2i9OD/nD0sHHi4r5xnGWV7NbErE2YSdhKzJClhtWBc005+cZ8/YCgdxSVGru6W8Y7mXhUcVeQH1PrBCcOng/M/OkdEU4+TWOH7GD7DYBcuZNUoAbgAYvcu3pEvatGeZ0yjyS/wDzjpMPLSl8qQHa2v28Y200gzi9qHXg3/EQ8kmor8mmPHu0c6jCRuey+Gaeo8Jah5qR9IvXIAqBBuxgO0Ww90fExnjnJySZUsSimyv2jJeS2gxKjx3ZVOtTHmywsjukk3ofvztHpu0BmxWGSTQpxD+MtIixeykGhuRZ/qLR0TluYdpz3MH/AKdSVJlYmlVFIH5VfWNL/SZn4UnxTBmGwhkpWEAMS5rW2tA0XqmzX7g86RL0z3ZrGMoqkjM9p1lOEQnVORKuRAFIxNjT8+dGZ1ZRkBbvZkuzcE5j4R1E7DGaAJjJFTcVO63HQQkbICVApmKB5EN40rESUZbP8GbhJ+CSZMxWRKEOlCEpelSL3UKOTBKcFMb/AGv/AE/uictUxNAtLf8AaNOjfZi/tpn8RH5D/dHRGcapE9uXoo/Y5n8I+SPrEF4OZ/DPkmDDPm/xEfkP98L9om6rRr/8atP/ANIrUg7cvRkzMFM/hH8qfpA2JQezTmSUdmpWYKGXcUMwLUpmzRvqmTPxS/yK/vgeaharlD1sg63FVMfGIk4tU2PRL0cIMW53dbML8YGx8xcyWZa6hwQ76E15WPnHcTdlBVwkv/IGbizwOdgJNzpZm8KKjmeNJ2mUoSfg4zZuImyUrKO+suompN2PP9Yxp3bdsZiwSVF3Zxw+Ueln2fQdT/5fNUOjYiBbzr670Utm5bbieKT5OARtFYDFKh4KAfo3GLkbXNRysUmvQi/6x6AnZaRqKcQfPvWiwbNSKbr/APao16k+vSJeKL8InsM88G3lOaZfAimtPvWKf9YXmcKIem67FuWpLx6SNnJfQ/08ONaGII2cCHJGvuhr08xB2YLwhdiRxMvAz8ZLYZQQosFlSCRS1K1imZs7FyGSqUaWKBnD8QUgt5CO8GzEgklZal0hh4BiPGJHZyAQLvwoOL+loVNLSoqi+xtweeCbiiXCZopqlTUFt4cvF+cQGMxGZssx7d1QDvXRh56R6UjASxTe/N6w37LLaz8fhdqQtHuKJ+nZzGDnKKZa69oGcKDVBsePDnE8QgpUQASi6eISagE8RY8xHQL2dLckE+h8dIdOHCaA5q1da0em9HRiuKpv8DhCUGcx23IQo6ZUsfw1fnT8yIUXrRpb9AyEJsUB/EW1D1i9ITbKn6esDpU5o/lDqmhNVCg/lp+pjnut2dGlIKStP4B1c9OMWpWkHuep+MDJVSiX8aeph0KrvOLNUVNeGutOUUFIvWS7BLMOJ9Ix8SgdoS5zAmgNG6FPM6wbOxQlqy1JYVJ+wICWt1FXEkiG4qaVmLm4ydD56VUfyv8AMQTsssZiqqDJZgAdXur5wMoj7MX4OcE5tYIwimmgeRtUxGYDjZJIIaXNLFnYsNCY2SQ1ASeZq1LsKFn04RhBYVjkVZ8MQOLqmLHwB8o3TLysHBcgAa9a1MGR7jxtUIqALBJrV6aX0qdIs7NJoXbpx5xSgl3KhRwQaktq7UuIdKi5ofEBmb3afH9ISpmqLQhOmZuQDEBwxJ+VaCEpmoeA08q2o320UmYGYpL1ZNCSHYkv5nhrFqaU89Kaf56wwodeUOSSEjoBwa/2Ydk8+Nrink3DkOcVlYy5n3dCOdAzcbRNR+pPIVPyEGwqHTlepNdGDPq2pufKEtYAd9PgM1eApzhA18vg/wA4ZyyfDhqG1hhRM5RqeFtbceLecRUz69SKtxv4+fCGJuOQr1p8RDZtXbnSn+C8DHRImllOOQr0L/T1hHKNVGlKC/C8QJajl7/pS/TUQio8CeI58XJrT7eEFEgtPNq1+ze0MyToQ3Ln1tQQhflRjDMHt+nJz0goKHK0mwJ4kNapo1zy5wipIs5J9NCRwtFZ0vzo9tGGtYSEDi+oqT4Xc63g3EWKUK1L66Uu3lFaQNQdD3qvzI8NIdNNCR6t4mrcYi5NDyta/wB0MA6JhqVJLNoPlwitCm73H8XGHSgABIAA6sITUt6sfMQaQoiZwcUarVPj4fpDMGbKG4BwBzHHq3zh1cac66RBSqvpXi708IKCh1zP5H6uPhR4glafwsevH75QxW/uluLN8nHWIKFaCn3W0AUh8w0bzP1hQzngfKGh0GkFlpAFvVuloihJKmWkZaFJJo+rgDyuYSU8zXp6AAUiaEOA4FDQrFeoYt5RkzRomuUDRKiK1oQmmtqiw0glHZnU8au/BhR2gYJDlyOI49eMTlJCaBgOGUiDSiHCyleBlKJWMwe9w39OqocbIlmrtf31eZbl8YvCa0p1uR8osCRZ/Qv8IlR9B24sHRseWa9ot9AFgv4kRZ/pMpJP7xXPfFdNRSLQi5rXr9/PpEkkuafH7EUk0LtRHk7PloV2iQCtKcoWS6mBJCfMmCEzTR2CurgcQ4YE+nWKXYOoZR4+Gl+QhKAO8QX4ZvKjsTy5xXIu2kOVs7JDEuSCA5N1XHneJCXY1YWGvjWp+zWIzZmViSEgGrqNPSpdotSsAc+op9SfnFbFV6EwDClyG0L6cL1Jhgo6V0V7vVQp4BoZALbzPrrTRPP75RJCw5LhxcProPWASQ6k1pSxb4J6fpCUgE+Iagq1TfyhFVC5DiraOdAWhWBqLHUX+/jAMjLVQqp7x1HS/KJKU16F0c7kQ04slVqJ4jn0hTVX4Bta0LwBSErvAUrmpq1wfT1hkkObMagNpYguft4lM1tQgu/mx6REqq4ILGtagGlmrY+UADoDUJsQ2tzun5PEh5t0Hh84ZdK/hpTgW+nxitaDd+Sg4FNFcQRy5wcAPndiKpq9i9wdbg3H+Iihg284NQ5FOh1TzuH8rMxDkjyPkpy2l/t3IIZ2YVLGx4jka0gExy7XA5xArFiwOlmP39vC0Iq3iW87p5Qyk6OWvYk+F3HqIbYEQSwBPq9KPX589IdSRoPkfvWIhTV0pWp8X1HO/GEXGrg1DJNjzF+ohWMQFXAHM69LVF4ZT0Zx0YjSrXiS5dM3WtyOn34RXkcuzkWIBcjgWv69IAbQ6ySzacr+loqAyu5pfk3h84cV1HgQ4uNDy59BEXtR31HdJ5Em/wBNILAYmgoNBZqeXpFbqc2bSlX6xYoHS3EN5N/mK1g6gHy+x0Y+EAC3uHoP7oaI14fD6QoAtgyFCxIB4Vdna7EcPOLUy6mn/kSfp8YUKIK5JLnJFyepJPkwiyU9CwYn8Rv5OfFhChQDJPUhi+pKj9+USq5s1OL8/C1BwhQoBosluwNd61f1oIklKnfLQc6k8ADYc31hQoaEOlR3rljalHALBzwIi3KaUOvBh61P31UKFHgQyVF6ih7tqACpP3rEkpzVc0elL8Tx1hQosQ+ZtSQGDlnJsLDnDE194NU2qS9PD6Q0KBgiRJISHrc+H6t5REqoALKLnyfhyEKFAMZZZJ45hoLEgNaJzQWUQfdIajWPJ9YaFCQMmpySGoRdheGlqLAm6gAaCtCeNrwoUMRBCCWBqA4IZLHRz96mHCmd33daVF/vpChQkISU+5Wzh2s/d6XHlCCVAhIfL4U5XHDn8IUKGBWEtYHLma7MX4OXBPxiSwUBzRN24NqGNOn2VChIBBVSz1qzs9gSOBtFWcF2U/IlQf0oeYhQoYnyOljWvAhyz/eoh3fMg/F6HwrbrChQAV5iSSwzdbpH9N7cOsVlILVyv1IP3zhQoCikkO7A0Z2Y9DS3nDJI1SAwbmB9PtoUKEgIgjQjy/SFChRRJ//Z",,,,,,,,,
뿌리공원,"“당신의 본관은 어디입니까”, “저는 김해김씨입니다.” 우리나라 사람이라면 한번쯤 들어본 적이 있는 질문과 대답일 것이다. 본관이란 자신의 시조가 태어난 곳을 뜻하는데 김해김씨, 경주이씨, 밀양박씨, 경주최씨 등 성 앞에 지역 이름을 붙여 말한다. ‘뿌리’공원은 이름 그대로, 나의 뿌리인 성의 유래를 찾아볼 수 있는 아주 특별한 테마 공원이다. 전국 유일의 '효' 테마 공원으로, 대전시가 추천하고 한국관광공사가 선정한 안심관광지다.",대전광역시 중구 뿌리공원로 79 뿌리공원,36.2854269,127.3880835,"122,100m²",,무료,042-288-8310,https://cdn.visitkorea.or.kr/img/call?cmd=VIEW&id=27657647-ffe8-4675-a820-b0afd4e0cf20,,,,,,,,,
대전 오월드,"대전오월드는 ‘주랜드+플라워랜드+조이랜드+버드랜드+나이트 유니버스’의 복합적인 공간으로 구성된 온 가족이 함께 즐길 수 있는 중부권 이남 최대 규모의 테마공원이다. 주랜드에서는 오월드에서만 볼 수 있는 한국 늑대 사파리가 있으며, 버스 안에서 야생 동물을 생동감 있게 관람할 수 있는 아프리카 사파리와 그 외 다양한 동물들을 만나볼 수 있다. 자이언트드롭, 후룸라이드, 슈퍼바이킹 등 스릴 넘치는 놀이기구를 조이랜드에서 체험할 수 있으며, 꽃과 물과 빛이 어우러진 향기로운 꽃의 세계인 플라워랜드, 희귀 새와 열대 정원이 어우러진 환상의 버드체험까지 즐길 수 있다. 또한, 다양한 디지털 미디어 장치와 흥미로운 스토리텔링을 더한 신비로운 나이트 유니버스에서 홀로그램쇼와 음악분수 워터쇼 등 환상적인 밤의 시간을 경험할 수 있다.",대전광역시?중구?사정공원로 70,36.292673,127.3960712,"783,897㎡",,이용권 종류 및 이용시기에 따라 이용요금 상이하므로 홈페이지 참조 또는 전화문의 요망,042-580-4820,https://cdn.visitkorea.or.kr/img/call?cmd=VIEW&id=814be342-fb16-4216-b33b-c26eef5ae82e,,,,,,,,,
